0.0,-3.0,-3.0,-3.0,-2.0
0.0,-3.0,-3.0,-3.0,6.0
0.0,-3.0,-3.0,5.0,-2.0
0.0,-3.0,-3.0,5.0,6.0
0.0,-3.0,5.0,-3.0,-2.0
0.0,-3.0,5.0,-3.0,6.0
0.0,-3.0,5.0,5.0,-2.0
0.0,-3.0,5.0,5.0,6.0
0.0,5.0,-3.0,-3.0,-2.0
0.0,5.0,-3.0,-3.0,6.0
0.0,5.0,-3.0,5.0,-2.0
0.0,5.0,-3.0,5.0,6.0
0.0,5.0,5.0,-3.0,-2.0
0.0,5.0,5.0,-3.0,6.0
0.0,5.0,5.0,5.0,-2.0
0.0,5.0,5.0,5.0,6.0
5.0,-3.0,-3.0,-3.0,-2.0
5.0,-3.0,-3.0,-3.0,6.0
5.0,-3.0,-3.0,5.0,-2.0
5.0,-3.0,-3.0,5.0,6.0
5.0,-3.0,5.0,-3.0,-2.0
5.0,-3.0,5.0,-3.0,6.0
5.0,-3.0,5.0,5.0,-2.0
5.0,-3.0,5.0,5.0,6.0
5.0,5.0,-3.0,-3.0,-2.0
5.0,5.0,-3.0,-3.0,6.0
5.0,5.0,-3.0,5.0,-2.0
5.0,5.0,-3.0,5.0,6.0
5.0,5.0,5.0,-3.0,-2.0
5.0,5.0,5.0,-3.0,6.0
5.0,5.0,5.0,5.0,-2.0
5.0,5.0,5.0,5.0,6.0
1.0103871,-2.4644463,3.69019,0.68699986,1.5797062
0.44639635,4.7352157,1.5906057,2.8335443,4.9618516
4.803326,0.7483336,3.0546846,-1.7080107,-0.7530354
2.4691353,4.6845007,1.1544007,-2.4477718,3.5050712
1.9230239,-0.030288203,2.9161327,2.7806838,5.4682646
4.052634,4.217623,0.22758402,2.3434508,-1.7071642
1.6497053,0.55668324,-1.3167135,0.80357957,5.6022277
4.1077957,-1.550252,1.530995,-1.1054394,1.6263934
0.384743,2.6499667,2.155784,-2.7684708,2.5533383
0.60261106,-2.4316044,-2.633428,2.2579885,3.7107053
4.264586,1.3857193,1.4301733,-1.8206915,5.483143
4.712741,-1.9602838,2.1604125,4.860836,-1.6100962
3.0360894,-1.7398924,4.51079,-2.8644166,-1.9928577
4.6867795,-1.4925827,2.2132597,4.3073044,5.6886334
0.74156153,3.0033448,-2.4004571,0.8328009,1.8649745
4.640451,3.5434806,1.0362233,-1.2913821,0.31847516
4.136735,-2.387604,-2.9997926,0.7161042,1.3325334
3.9144325,-2.8755162,-2.966586,3.4688375,5.1533213
3.5232553,-0.93649316,-1.958594,3.4892385,-0.9109768
4.6993256,2.713788,-2.8958473,3.8619032,-0.23071894
0.29874557,3.4874449,-1.1839552,4.622459,1.0140865
4.851841,-1.8746257,4.8376226,-1.8882983,4.9646597
1.898176,-2.4957266,-0.8893645,2.9769893,0.9048835
0.6370748,-1.0894549,1.0086212,1.8428957,3.2195673
4.8487782,4.6800857,4.2967515,1.3864117,0.29116976
1.8032845,2.3822563,4.9100885,1.5455248,1.6749563
2.55581,4.7992954,-2.224871,2.7073298,1.2349678
0.0050541656,-2.6629584,3.1945715,-2.2880232,4.727689
3.0767524,4.940253,0.48261806,1.1076864,3.133194
4.189296,2.7203069,-2.387664,-2.01679,-0.038337313
0.7698607,3.787408,-2.5906458,1.5259906,5.9304814
4.7137012,4.6274533,1.4180676,4.9098387,1.3417515
2.9345236,-1.939477,4.8659196,0.39613026,3.533688
3.6020336,-0.38805506,-2.102513,4.8403273,3.419461
2.8692648,0.7399762,-2.4653037,-2.580412,4.6995344
0.28623313,-0.53447664,0.22170922,1.0537958,-1.7564843
4.713469,3.9503875,-1.489174,-1.793173,4.8307643
0.0074572125,0.49893188,4.475241,0.17922665,4.379328
2.665459,1.8165569,2.0470545,0.6130691,0.10458801
0.9313526,2.9707754,-1.5122188,-2.3572278,0.6942801
3.510459,0.6730495,1.4565917,4.11458,1.686521
4.3517747,-0.20184007,-0.55187714,0.37464193,3.9562612
4.754688,1.1519134,4.4186726,2.0484436,-0.4569642
2.213293,4.3625793,3.565006,-1.7625343,5.722965
0.8263866,2.5893326,0.07157927,-1.1861287,-1.68893
0.19083929,4.755029,2.0887942,3.6337824,1.3234884
3.5116,-1.7361995,3.902255,3.6458464,0.28773588
4.3739777,-2.3362443,-1.221205,-2.683311,4.34561
1.7558031,2.0277443,4.949901,4.188444,-1.8223337
2.7990034,4.2615085,3.4953494,3.6146686,-0.52663285
4.9806223,3.9916046,3.280444,-2.9067502,5.853156
0.43835175,-1.4919817,-1.0167638,-1.9874234,1.407878
1.1421047,1.366748,2.8098824,-1.870307,5.2298465
1.3701499,-2.9383435,3.4244964,3.5906968,4.3921123
0.074306965,0.78495896,3.1277158,-0.047325775,-1.4612061
0.55443937,2.371177,-0.23580757,2.3868723,3.8845356
4.775266,1.0829364,-2.6534855,0.23313831,-1.7191725
4.687919,-2.665992,-1.6002324,-2.787059,0.69879353
4.4350615,4.639589,-1.8354255,-0.24526419,-1.915662
4.544958,4.28988,3.0728667,-1.0112774,3.1651416
4.591682,-2.9133446,1.122258,2.3876343,2.837674
4.861609,2.478487,0.08775724,1.5947703,4.853864
2.4375746,-0.3818188,-2.9680822,-2.297677,0.08733518
0.51165026,-1.164519,0.8780725,-0.7313893,5.57711
4.973107,4.422544,-2.7910335,1.7260137,2.5627687
0.010049865,2.652616,-2.7003062,-2.9186199,5.3411756
1.7282884,-2.3043575,-2.5785127,1.4445683,-1.7855618
1.6608061,0.46523812,-2.6106348,0.4864268,0.5057255
1.3631036,2.9847836,3.676104,4.6160107,2.642816
0.03765771,-0.668877,4.1211557,3.5152636,0.6630201
0.16957767,-0.65003735,1.974611,-1.3058262,1.1695687
1.5596638,4.2864494,4.245733,1.62434,5.2573476
3.920087,4.412708,0.97206295,-0.79823714,5.8891635
4.172339,0.8756556,1.6266447,3.2156641,-1.5377518
4.3762546,-0.14585759,3.9379573,2.2356575,3.799816
1.1813992,3.4011106,4.402603,0.39181313,-1.9633543
2.987974,0.28417328,-0.3146239,-1.4779532,-1.1807204
1.0956434,0.7491733,-2.1119635,2.913121,-1.4390212
2.3414052,-2.463794,1.4944657,-1.7731335,-1.9578073
0.08326107,3.3352165,0.45620036,0.616408,0.86576486
0.27011523,4.428626,4.374078,-1.2715333,3.0190513
1.9416337,4.5894623,-1.078797,-1.8811487,5.9013987
1.3661152,4.9783754,-2.4883757,4.7482624,4.415015
0.59870034,-1.997019,1.4168183,4.7125177,1.1074994
2.8064392,1.7191834,0.7717082,-2.2274325,2.8441572
2.9543269,2.6936803,2.5344813,2.8980408,4.803493
1.0157572,-0.29331338,3.8833394,4.8844604,3.5910416
1.8387975,1.8256677,4.2780676,-1.5469927,1.6184098
3.0508347,2.9121313,-1.2088617,4.0412173,4.7136436
3.6827054,0.11072629,-0.15342265,3.3470466,5.9626417
0.46558884,4.146313,-0.48042646,3.641196,-1.9336628
1.0658939,0.030775528,-2.0507522,4.1158605,5.266738
2.1353385,-2.5096955,-2.5927992,-0.5741794,3.7469907
4.7395196,1.6724066,-1.4853358,1.7050949,1.0134077
0.5359298,-1.5688983,4.646425,-1.2716416,-0.6419183
3.1627831,4.989374,0.0090859905,-2.4587638,-1.5628808
0.5583822,1.2787771,-2.7622166,4.703768,2.4143453
1.7919195,-2.8617074,-2.2754378,-1.7480744,-1.8186543
3.0387492,3.8762062,3.4752347,-1.3383957,-0.45028993
0.079838544,-2.2490785,0.17188708,4.7479367,4.9856377
0.6114691,1.1134707,0.75607735,4.3825574,-1.8147261
4.1803365,0.30688772,4.5791144,-0.24878414,1.6632868
3.3283403,-2.1387608,0.11927353,1.2682581,-1.3877777
3.5313396,1.6599531,4.9818482,-1.1668371,5.7689376
0.13994122,-2.2087693,0.650468,3.7778637,-1.9937077
4.6247807,-2.6383865,4.4082236,-1.5946684,1.0658395
2.2113202,-1.1328654,3.223195,-2.8260345,3.3256938
4.57084,-2.2645142,-1.846761,0.9097779,5.823193
2.0242152,1.912565,1.4252361,0.41505134,4.095776
1.8963215,3.7197137,-2.9515429,-2.1571271,3.3444734
0.01425503,-2.1388566,-2.2179673,-2.6509728,5.8721323
1.9488481,3.036779,0.7160001,4.738245,2.654927
1.7125378,-1.0660864,2.5763898,2.0467134,-0.7636138
0.30777895,4.923894,2.1359828,-1.314163,-1.4945385
0.23518424,4.266793,1.4601516,-0.25654897,5.8709865
3.4080777,-2.9677591,4.7058573,1.514027,-1.7352244
0.436598,1.8111619,3.948711,-2.9424605,-1.5459646
1.7238585,-2.631712,-0.3097449,2.2458737,5.735261
0.44660622,-2.775338,-2.993193,4.7478733,0.84400946
0.008368159,0.8479062,-0.6901392,-2.6212044,4.067117
3.2259119,-2.7827759,1.1054511,-1.1063169,4.353008
0.52270067,0.2647908,0.9956138,4.6049867,3.2390003
4.658805,-1.5016564,2.1534803,0.5625024,5.6840105
4.7644587,-2.8060448,4.3726845,4.812899,3.1638622
4.714138,1.4227319,4.537333,4.7247176,2.6685789
3.6801968,4.333861,4.730835,2.7843192,3.1561222
2.6974611,4.2414083,4.7190876,4.564436,5.7538266
1.7891959,3.3564684,-2.3378093,1.1959724,-1.783257
4.898656,2.7706974,4.954987,1.7588136,5.76914
0.7166718,2.753716,2.2932417,2.584458,-0.7107038
4.086638,-0.103820994,-1.024493,-1.8786576,1.7919749
2.2142787,0.53652793,-1.1910629,3.151632,1.3255795
4.9937754,4.497524,1.3964652,4.8869367,4.5777617
3.401888,-2.9936604,0.9296683,4.786352,0.6136909
0.369406,1.8196353,4.833292,3.9217355,5.883702
4.265201,3.041714,-2.9212515,1.7570904,5.131633
4.9708977,-2.0721357,-2.5072448,4.809629,1.2668548
4.944694,3.8237498,1.219334,1.7782538,1.1363226
3.4535012,1.2725414,4.315277,4.758918,5.912924
4.8646607,4.559831,-1.3756509,4.8056116,2.9526818
0.7930979,0.78607345,-2.9983802,-0.6883523,3.1597219
4.523192,2.5552485,4.7006803,-2.9919488,1.2600898
0.10810456,-0.35427415,0.113653965,-2.93529,-0.9938228
1.0356964,3.9573421,-2.9335709,-2.2574642,-1.9403863
0.03060328,-2.8040733,4.400244,2.987864,-1.4113891
4.8365173,0.7929639,-2.792857,4.3714886,5.767476
1.0875638,4.734042,3.2550125,0.9875335,0.6851782
0.35765854,-2.916059,-0.75922054,0.16656923,-0.23458682
0.32440025,0.106003866,-2.3237374,-1.2477368,-1.6204001
0.7390327,-2.99302,4.3392706,-2.887351,1.417273
1.1373541,-2.742957,3.3493955,0.6503242,5.969006
0.04515957,0.28497827,0.59707004,2.7334476,5.9698734
0.021622442,4.9776864,4.7843356,3.6714082,-0.89112675
4.0435762,-2.4384224,4.9569373,2.6734333,5.7161403
0.05059398,4.74228,4.953257,-2.9966393,-1.1533521
4.6098447,-1.0675131,2.5996323,0.5119938,-1.6131444
3.1741688,2.8143442,-0.36255464,4.9834447,-0.36183894
4.858687,-2.750233,-2.800168,0.4701529,-1.8327783
3.0252817,4.942572,-2.4379168,3.4944491,-1.7759784
1.5874649,4.9846406,-1.15861,-0.48069358,-0.2873954
0.5893306,4.859033,-0.35151052,-0.3444294,3.386033
3.4195046,4.994571,-1.1040703,-2.887198,1.2106965
2.8207753,-2.2180283,1.054214,4.8271737,3.7028313
0.11347899,1.9019835,2.7580059,2.2349095,2.6812081
4.764346,0.02363486,-2.8806522,-2.7683532,-1.7887282
4.301709,1.0256681,3.7950032,-2.8917499,3.7042131
4.527659,0.27228957,4.428385,4.8196473,-1.3118064
4.971703,4.9433975,-0.99429625,3.259884,5.774093
2.4879675,1.9167696,1.6759374,-2.9947426,-0.10828076
0.79837704,-2.9606345,-2.641206,4.6750975,5.88378
0.11975885,2.8123405,0.60519373,-2.9796433,5.934174
4.692034,1.0220091,-2.6970654,-0.34518123,5.990418
4.0564256,2.3245325,-2.7519236,-0.22236648,2.955807
1.3489107,-0.7831772,3.5195441,4.8322787,-1.9025277
2.4699073,-0.90637183,-0.3722046,0.5927666,1.7393656
1.4377793,-2.6944594,-1.9405354,4.74971,-1.844456
1.5559671,1.7354697,1.5598264,4.918262,5.983794
4.886815,2.4510157,4.730653,-0.25151664,-1.8695296
1.9552093,-1.246258,4.8666997,-1.4886104,5.8147054
2.6929915,0.028022297,4.5183992,-0.27343753,-1.9259304
2.7155688,0.5395973,-2.95582,2.2072806,3.8064127
4.8326116,-2.9994094,3.4240572,1.2019767,0.5952991
4.7216463,0.6893939,1.4468461,1.2797173,1.8986524
4.967947,3.8431702,2.1581287,4.865447,-1.9143097
4.972199,-1.4791206,0.8998697,-2.5022666,-1.0273536
4.967165,4.9710126,2.3841448,1.5425005,4.5067897
4.917645,3.7565513,4.9846454,4.3220634,0.757696
0.12304281,-2.781155,0.85308355,-0.92184865,3.0449703
4.8593154,4.487296,4.838739,-2.865937,-1.5188713
2.9205549,-0.8418826,0.28216717,-2.9756005,5.987937
0.041465934,-2.6305032,2.2094333,0.18559372,-1.8722866
0.07728129,4.8318663,4.923035,4.214813,4.315259
4.618476,1.4325424,1.5047349,4.83549,4.44114
4.9570546,-1.0928336,1.8039167,-2.9876626,4.3004727
1.7711447,-2.629661,1.3795637,-2.9452927,1.0161519
1.3312907,-2.7931595,4.992779,4.864249,1.8075356
4.960549,1.6258283,0.50888884,0.117849946,-1.8503582
3.068118,3.9749362,4.997636,-2.959417,3.468737
4.6205792,4.8612857,2.1645737,0.20322236,-1.8064377
0.19388567,4.861354,-2.910336,2.7549167,-0.48765978
0.18574184,4.998036,-1.26822,2.4391148,2.8986511
4.933533,1.7263938,0.7437138,-2.9254017,-1.8552204
0.17629503,3.4172032,-0.6457102,4.9155235,5.920843
0.15106268,0.764946,4.8316236,-2.7481527,3.4580445
1.1393894,4.974163,2.8862998,-2.8668242,0.8319901
2.1691766,0.7054345,4.9314327,4.960666,1.0021167
0.60631853,4.5004845,2.3545105,4.985283,-1.917347
4.9583454,0.5961812,-0.8751842,4.6528044,0.5261228
4.930798,-2.9814367,-0.386736,4.8806696,5.6610055
4.805423,4.986642,4.7650437,-0.46527866,5.472446
1.6166818,2.767544,-2.9631476,4.989608,-1.0435957
2.4641888,4.0303917,0.069816805,1.6590544,5.880813
4.592752,-2.9783254,-0.7478548,4.5191517,-1.9899329
0.74859214,-0.047169637,4.9774323,2.2198477,-1.8990725
0.09245538,0.44726285,0.88054454,2.5025835,0.61207634
0.20025776,2.995832,4.908491,-0.556069,5.9984093
0.05878973,-2.0416076,-2.0732882,0.37516603,5.997845
2.7010906,4.9057984,-2.6938927,0.42904785,3.985122
0.010916561,0.7902162,-0.031483244,-0.16670585,2.4678328
0.19865161,-0.35437226,-1.0516273,4.939639,0.13378637
2.5237205,4.951022,0.52048457,4.7844486,5.9861817
4.973789,1.9039849,2.7665038,0.4292798,4.18002
0.07641403,0.09439588,4.9498367,0.62101626,1.4537431
3.7344973,-2.9917705,4.9499245,4.96222,-1.8665341
4.698682,2.1032088,-2.9427063,3.9028547,3.0325377
4.9520946,-1.399683,-0.67662275,2.0890243,0.94472593
0.051379956,2.172016,2.672312,1.5138569,5.762613
2.6969275,-0.4462338,4.999575,-2.856378,0.66545886
0.07256545,1.4149007,2.3813088,4.9327855,0.86850476
0.01725493,-1.8674499,-2.9445407,1.9196929,0.82440346
2.8121572,4.85907,4.9924617,0.025254767,2.162408
1.7096055,4.9815497,1.8470254,1.2879672,-1.9789001
0.07404913,-1.3611588,4.945595,3.9460588,5.963999
2.2038488,-2.7303765,-2.8809,-2.9544349,1.8701177
0.14238214,4.978824,0.07388711,-2.9405427,1.9973134
3.2699933,1.5059046,4.9764137,-2.823044,-1.858067
0.032284625,-2.98294,2.9610531,-2.975146,-1.8299937
2.0454757,-2.9188368,-1.7160641,4.87146,3.1357768
3.0063846,-2.9171057,3.1401951,-2.9731061,5.915452
4.947504,4.9303303,-2.9417179,-1.1931845,2.0717304
3.8549845,4.782011,-2.9882305,-2.9946043,-1.9435267
4.980181,3.5432734,4.7163086,3.0784743,-1.9946165
4.9906087,-2.8696883,-0.7766903,-0.14657936,2.8744743
2.104432,1.8165514,0.25333816,1.782134,-1.9914149
1.4871536,-2.875481,-0.66765004,-2.997684,3.8585806
0.22768714,4.9735813,-0.38235098,-2.9313743,-1.1787057
4.925732,2.462927,-1.1337669,-2.999163,2.4805338
0.03931403,-1.5581541,4.9790163,2.1279144,3.5013528
4.9194303,-2.9850323,-2.9681602,-2.572494,-1.9751751
2.8116252,2.683447,-0.5294496,-0.111709245,1.3843706
0.42084658,-0.43814278,-1.0347213,4.7797966,0.3279557
0.514321,0.1161307,-2.3581462,-1.1560272,-1.3705027
3.0269225,1.6999547,1.9636127,0.69251525,0.20245136
2.9535003,-0.7672173,-2.04205,-0.66036284,-0.4975357
0.4409199,3.696694,4.335424,2.787199,-0.33466738
2.087578,-0.7207637,-1.8227655,-2.891576,-1.2715588
1.7370964,-1.3597172,-0.59695345,4.627659,-1.428269
2.5759165,-0.06019494,1.2631367,-1.9801632,-0.4932934
1.4119825,3.1620324,2.5209966,-2.332165,0.52675277
1.9544864,1.6066884,2.6500518,4.5032215,-1.1051146
2.2701886,1.718985,2.4194295,-1.811747,0.2883303
0.9960218,-0.8822229,-1.2660238,-0.11793694,-1.6001129
1.6265765,4.272909,2.391262,-3.0,0.21000762
2.2304463,0.40292567,-1.6007326,0.3467319,-1.2902071
2.5730834,-0.47311312,-3.0,-0.9624663,-1.4530898
1.4736152,-1.3619212,-0.60615873,-1.219475,-0.7617436
3.5845854,-1.0623641,-2.0515826,-0.41839492,-1.5096514
1.9547048,-0.21852528,-1.7168741,-1.1973028,-1.3537111
1.8946631,0.28686714,-2.745811,-0.48519206,-0.4869064
1.6430029,4.198859,2.8567317,-1.6509928,1.0801467
3.4921923,-0.006834578,-3.0,-0.49010482,0.028669449
3.2514174,0.18274178,-2.3014615,-0.6618324,0.4564504
1.1578842,-2.501134,4.033337,2.213236,-0.6155951
3.4376674,0.2975511,-2.3802567,0.40557155,0.027513713
4.611783,-0.5568633,-2.9684732,-1.5134758,-0.08219807
2.8981464,-0.18156825,-2.9895122,-0.7196749,0.57241976
3.980699,-0.23647067,-2.3437138,-0.3611956,0.6300609
3.0106924,2.3893015,2.8885512,1.3626797,-0.6383705
3.002032,0.43493685,-2.5109773,-1.0656917,-0.08524831
2.2492552,0.08220782,-1.951757,-0.67555285,0.33174548
0.0,3.7842386,2.8029366,-3.0,0.84896815
2.8706725,0.28899404,-1.4371363,-0.5801874,0.12654926
1.1905445,5.0,4.9554234,2.219875,-0.5269119
2.694819,0.123743005,-1.4750022,-1.4937024,0.25174543
3.7612875,0.1797062,-1.1661619,-0.9525131,-0.029152593
3.115606,0.3707381,-0.62823963,-0.25284305,0.046247967
2.6101122,0.49719384,-0.43665662,-1.209739,0.2800711
0.0,-1.5193878,-1.7469006,-1.2769994,-1.6859521
2.0842772,0.4846347,-1.080139,-0.73390883,-0.108874306
3.7345145,0.5249046,0.24148673,-0.55399895,-0.06596467
3.4700089,0.82776546,-0.5923202,-0.7848098,0.29009286
3.7431133,0.31005347,0.31470275,0.5459671,-0.40310746
2.7160015,-0.027940908,-1.2642597,-1.0412282,-0.35463616
3.1955667,-0.29988053,-0.2515591,-0.8510996,0.37891078
3.108041,0.9419631,0.51948243,-0.5802318,-0.31996897
4.8476124,0.22749074,-0.44985893,-0.8861178,-0.6437553
1.7751096,0.6588475,0.13891658,-2.715068,0.5576491
1.819124,0.4312418,-1.0460576,-1.9815629,0.6890749
2.8033922,0.5671204,-0.500872,-2.9855764,0.1586833
3.2152135,0.46996135,-1.3066127,-1.83677,-0.09616945
1.6822011,1.6360494,1.1237757,-3.0,0.8994245
1.227804,1.1435474,1.0584229,-3.0,0.09978668
3.9677198,0.5269281,-0.7893186,-0.22462517,-0.54459345
2.2746503,1.0695488,0.19780804,-2.0747619,0.84098935
2.360225,0.46415854,-1.3017288,-0.91391695,0.9039147
4.2812533,0.4849872,0.28109887,-2.0132053,-0.43970945
1.0931008,-0.057499766,-2.6020677,0.4274137,-2.0
2.7309139,-1.6795746,-2.5741413,0.14677024,0.19900753
2.1096609,2.7518318,2.0154436,-3.0,0.9436226
2.0346973,-3.0,-0.28051728,3.4293964,-1.6053911
2.123789,0.54830474,-0.3324998,-3.0,1.2087014
1.588117,0.48833075,0.14921749,-1.6163573,0.6745168
2.0674388,5.0,3.368698,-3.0,1.0074201
2.0922084,0.9446645,-0.29847386,-2.1861734,0.11066261
2.3298922,0.7063282,1.190622,-3.0,0.72715586
5.0,0.4015187,-0.5474707,0.11238153,0.104639366
4.365852,-0.396432,-1.3657715,-3.0,-0.6739116
5.0,0.4372248,0.7243478,0.071878284,-0.29807028
5.0,0.08957456,-0.5819009,0.8910153,-0.61318684
4.277541,0.38676143,0.84982675,-0.6635736,-0.8476824
4.6016655,0.7633432,0.025629073,-0.47467145,0.049466904
1.778991,2.4593258,1.4133618,-2.1606019,0.8604068
4.080461,0.4236321,-0.5547627,0.13754953,0.3026495
2.6245837,0.21596994,-1.7033775,0.04831129,0.20862663
2.10729,-0.017497862,-0.52766603,-1.9595172,0.5394722
5.0,-0.0053833844,-0.021793976,-0.7614187,0.17166862
4.8509526,0.47986257,-1.6387866,-0.701445,-0.03670761
4.1776695,0.25665697,-2.2279289,-0.786256,-0.42949447
5.0,0.81991005,-0.6468052,-0.6598063,-0.17753194
4.1478453,0.58527017,1.0054685,-0.17581019,0.16119698
4.486363,-0.009714574,-1.2064397,-0.4234705,-0.015267468
1.5143586,0.23529369,-2.1959565,-1.4608442,0.32684112
0.8021117,0.24776138,-1.6956601,-2.501558,0.16121134
5.0,0.2686713,-3.0,-0.0920709,0.089020364
1.2759207,0.46533093,-3.0,-2.044921,0.34646535
0.66578656,0.7630428,-0.0037627448,-2.640465,1.1050341
4.2561493,0.25457972,-0.06977203,-0.42331147,-0.16194193
1.7334137,0.5045878,-2.0456092,-3.0,0.27217054
2.5826972,0.67738825,0.3987471,-0.57416975,0.6820428
5.0,0.34621257,-2.040938,-0.1632674,0.6532221
1.7181929,-0.5250126,-1.0369822,1.585944,-2.0
2.1361294,2.7339077,2.7517514,-3.0,0.109603584
2.0099666,0.43537477,-2.3846498,-1.8365368,0.71373767
4.3298664,0.5034172,-3.0,-0.72127146,0.37698692
0.6790355,-0.02958081,-3.0,-2.9188187,-0.507268
1.1643332,5.0,2.716005,-1.6915964,0.44368732
1.6255925,0.28135315,-2.2400944,-2.027811,-0.08904604
0.22788572,2.8892903,2.4705615,4.3274126,-1.0629317
4.376495,0.50355977,-2.4003277,-0.19249792,0.16883387
0.0,5.0,3.5956767,3.1533782,-0.5360659
2.2535007,3.0994387,2.650185,-0.29241586,0.6454728
0.6394339,4.567098,5.0,4.154949,-0.060504537
0.49846172,-0.39786133,-1.5112666,1.3054556,-0.8762549
3.743798,0.5010643,-1.5648692,-0.3960127,0.43272835
0.47571737,0.18481283,-2.369914,-2.741694,0.86559415
3.510503,0.7634884,0.5535632,-1.2897196,0.70046926
2.7031865,3.0827339,2.3972242,-2.0416353,0.6731477
1.6908988,-1.157324,-0.1530151,-1.7037636,-2.0
3.6361468,-1.5441198,3.936549,3.1965933,-1.9655614
5.0,0.5406575,-3.0,-1.1802424,-0.34390143
2.950398,1.5140016,0.6724745,-3.0,0.55724365
2.0504975,-0.0073673027,-1.5656004,-3.0,0.55634904
0.9084494,0.7870226,-1.8533574,-1.8563914,0.62118125
5.0,0.6559136,0.26803383,0.18940052,0.7115914
0.15602228,0.12408269,-2.6188693,-1.3770248,0.2043333
5.0,-0.48924375,-3.0,0.40205666,-0.6817727
0.74623156,-0.34336093,-3.0,-1.2737875,-0.1371547
2.3315818,2.5971203,3.0493307,3.2840087,0.42703688
1.9219944,-0.56791115,1.5319315,4.118148,-2.0
3.2585788,-2.772146,-1.6810601,5.0,-0.6853859
1.9585447,2.9823744,2.3018475,-1.4651629,-0.12823422
2.7999506,0.5297178,0.34273982,-1.3260057,0.39554352
1.6295862,2.8414679,1.9775115,4.239175,-2.0
4.9042897,3.6932354,3.8627613,4.678228,-1.0555872
2.79811,0.63140136,-0.02673802,-1.0494491,0.92588
5.0,0.87676233,1.0284207,-1.2369277,0.0031552897
2.64181,3.3677723,5.0,2.6626928,-0.9397353
2.7599392,-1.4590904,-3.0,-3.0,-2.0
4.8202643,0.3814563,-2.1742837,-1.6703008,0.5631765
0.0542302,-2.2720876,-0.368191,0.71497226,-1.7260827
1.6500671,5.0,2.2774253,-2.8173609,1.1253113
4.8519015,1.2756264,1.5744184,-0.5970856,-0.8220168
5.0,0.33574107,-2.9481316,-1.2982202,0.95692265
2.2204006,1.0595738,0.9255456,-1.4415232,0.80032593
3.4384313,0.6783083,-1.9983537,-1.9539571,0.73342866
0.26375556,-2.5556912,0.5151238,0.25330946,-0.8838952
3.5041792,1.1533047,0.6303279,-0.55392176,0.42225552
2.1344144,0.5525035,-2.7425601,-1.634759,-2.0
1.4891732,-2.5592334,-1.1838931,1.0978181,-1.3736502
5.0,0.538525,1.543957,-2.245542,-0.93709713
0.0,0.65499246,-2.5180333,-2.634481,0.07548519
0.96790606,1.0395286,0.84307206,-2.752032,1.1742712
3.6428921,1.3873967,1.4208361,-1.1732981,0.17665568
3.1720023,1.973865,1.7791554,-2.7292979,1.0037916
0.20859998,0.57640004,-3.0,-1.0198998,-0.18717156
0.45434278,-0.042281576,-1.7963626,-1.102258,0.32438928
2.804328,0.019107254,-3.0,0.92967814,-1.0416844
4.7256846,1.2991002,1.009117,-0.26203594,-0.13585249
4.0761814,0.22130647,-1.8230469,-1.3359729,0.42811257
3.2427874,1.7947096,1.6325377,-0.78848565,-0.54404354
4.560089,1.6866713,1.5282844,-1.761062,-0.23669526
5.0,0.188797,-2.4895835,-0.8967086,0.23831476
3.5661721,0.97411394,0.91275996,-1.3800368,0.1618082
5.0,0.34820884,-1.5024173,0.43633413,0.037033852
3.8515742,0.6005669,-2.5106044,-3.0,0.5164794
0.0,-0.3986903,-2.2375033,-1.9714897,-0.025114609
2.9379656,0.10461243,-0.53071624,-0.2081641,-0.48855165
3.1650164,-2.0109127,1.8517493,-0.6394461,-0.5003488
0.8567142,0.06309131,-2.3331904,-1.1211715,0.7519313
5.0,0.53981,-1.6034979,-3.0,0.39707917
3.385226,0.7706675,-1.478021,-3.0,0.6781786
1.4500343,0.2720777,-1.5878229,-1.2569712,0.48301354
5.0,0.54235315,-2.116789,-3.0,-0.24308659
1.1155802,-0.083840005,3.6646361,5.0,-0.2601383
3.3260334,0.15931748,-1.115761,0.025196187,-0.26151252
0.0,-0.044739164,-1.2552722,-0.31693134,-2.0
2.6368155,0.9269345,-2.3586144,-3.0,1.072438
3.5377464,1.1494,1.1455876,-0.95184183,0.8271256
2.4046276,3.1680195,3.270116,3.4763017,-1.7518835
4.032877,0.32082698,-3.0,0.010507654,0.59423685
5.0,0.29918694,-1.1750855,-1.8004572,0.4760773
5.0,0.29514265,-1.2015005,-0.7390316,0.5720928
5.0,0.40755087,1.8203645,0.6560945,-0.7358047
5.0,0.31247732,-0.54890656,-3.0,0.35965717
2.3265016,0.3892585,-0.10158482,-0.51088387,0.185749
5.0,-0.084784925,-1.4299037,-2.768905,0.48926234
3.4479017,0.5824604,-3.0,-1.7980262,0.6274481
5.0,0.8060441,-0.9834692,-2.4752798,0.8509636
2.378579,3.9453168,3.4718518,0.6000148,1.0336946
0.0,0.46749073,-0.68498975,-3.0,0.3642573
0.0,0.16263027,-0.6137108,-1.627689,0.1882172
1.9244334,2.7692833,2.491925,-1.8606967,0.9357569
1.2424222,-0.014253048,-2.4880009,-0.76689965,0.10737138
0.0,0.020380622,0.26176697,-2.839198,0.30029944
2.1343634,-3.0,-0.13185553,-1.8962865,-0.5979524
5.0,0.5807831,-0.13982555,-1.863615,0.50190926
5.0,0.5635231,-0.89055175,-2.361939,0.17825978
5.0,0.31324375,-0.5090802,-1.9853958,0.7587394
5.0,1.104487,-2.4211826,-2.2871015,0.78582686
1.7680544,0.20651017,-0.7387954,-0.21027249,0.3367648
5.0,0.8385197,0.18459763,-3.0,0.6560694
2.47195,-2.930835,2.998059,3.4267018,-1.3683525
0.0,0.40781757,-1.0936211,-1.6054969,0.72025394
5.0,1.0631033,0.41502228,-1.6698984,0.5810053
2.193161,3.6371808,2.5695302,-1.3779266,0.38082957
3.9310331,0.7907396,-0.2690593,-3.0,0.645545
1.8115138,0.08363382,-0.3322813,-0.90380263,-0.051204577
0.53164095,0.8000509,-1.1559434,-3.0,0.844972
5.0,0.28175196,-1.5370553,-1.3402712,-1.1518548
1.048323,0.59821343,-0.6366607,-1.0117655,0.5551746
5.0,0.5002214,0.40711752,-2.3931944,0.35692817
4.561509,-3.0,-2.7134216,-0.9172173,-0.46302646
5.0,-1.4025172,4.1564484,-0.9723988,-0.9585567
5.0,1.2665977,0.2041716,-3.0,1.164283
3.7583277,0.16013442,-0.58692527,-0.17469233,-1.2174926
3.9014711,0.039644066,-1.1000966,-0.47596025,-0.81265396
2.0997334,0.20609473,-3.0,-1.036919,0.22401293
5.0,0.6969589,0.4120877,-0.91280407,0.25451908
2.3698735,3.0013444,1.8857263,-3.0,0.4050047
3.4177647,0.26396132,-3.0,-1.4170631,0.30594137
4.6100793,0.37607554,-3.0,-1.736168,0.37764654
4.105365,0.8644495,0.13146673,-1.9381398,0.5354186
1.3599178,0.7652618,-0.56472594,-3.0,0.60897213
2.39433,0.75122935,0.05034252,-0.7738812,0.44785866
2.1227572,3.318327,3.1474981,-1.5365206,0.33793023
2.0849276,0.37841126,-0.4127737,-0.5227153,0.3789722
1.6035951,0.08956841,-2.6734526,-1.4798405,0.32793665
3.7145152,1.0725224,1.3746437,-0.7430182,-0.35368004
5.0,1.0384387,0.73345953,-0.4968977,-0.7158476
2.4874437,2.9792223,2.043042,5.0,-0.8591748
2.0810115,1.5851287,1.4652934,-1.6559836,0.37357095
0.0,0.26800722,-1.1338141,-0.20102386,0.40011534
3.2342124,0.5089906,0.1089361,-0.25843447,0.3049919
3.1688294,0.08693269,-1.1119654,-0.49335575,-2.0
1.8503346,0.046122182,-1.8939258,-0.1583848,-2.0
5.0,-0.120407775,-0.5636232,-1.5330285,-1.7182742
2.959399,3.5941663,2.469568,0.8049173,0.057993107
2.45788,0.4217383,0.44847134,-0.5663143,0.17846511
0.45343655,0.3430254,-2.1227958,-1.0007544,0.21649118
5.0,2.0013623,2.0221853,-0.47162682,-0.20216218
5.0,2.3609445,2.42231,-1.198284,-0.9889675
5.0,2.2255814,1.8337752,0.5230488,-0.7816654
3.5383348,2.5442104,2.1068797,-0.23989518,-0.023201175
1.9916894,3.3160949,2.249001,-1.3351876,0.51051104
2.9087522,0.5888294,-3.0,-3.0,0.082045384
5.0,2.874899,2.5023658,-0.6105793,-0.017698832
2.1071944,0.3725779,-0.4105434,0.080623575,-0.036269788
0.0,-1.6617057,0.7822027,-1.7743561,-0.25793362
3.270011,2.1410244,1.868827,-0.92563134,0.1179502
0.0,-3.0,-0.003131879,-0.60995924,-2.0
3.748177,2.2422879,2.3052716,-0.5008036,-0.24962622
5.0,0.61441255,-1.5936334,-1.7512515,0.63427806
4.639628,-2.2774267,-2.0211844,3.8456542,-2.0
0.86359334,0.15214668,-0.9798003,-1.2830366,0.4366995
4.464658,2.5266922,1.943621,-0.07662054,0.3409983
2.6165063,2.5770555,1.8415353,0.27075014,0.1297183
5.0,4.974589,4.717267,3.5556865,-0.975615
3.5044763,2.9634066,2.2133503,-0.57288545,0.32179654
4.4760413,2.6012108,1.9317962,-0.6604171,-0.04935645
5.0,2.6663888,2.2581494,0.89403063,0.089710645
5.0,0.94792205,-0.13267109,-3.0,0.33548984
3.5110812,3.6686761,2.471686,-1.0519291,0.608046
0.85192406,1.9399674,1.7919883,-3.0,0.67744863
0.8674638,0.18863493,-0.34638277,-0.53755665,0.35603464
0.25082985,0.42749482,0.08585374,-0.917181,0.19168441
0.0,-0.21813898,-0.050253455,-0.44364896,-0.18998404
5.0,1.7406597,1.5063221,-0.647039,0.3882149
3.6883209,0.67454845,0.34633234,5.0,-1.5941285
0.32161078,0.20215896,-0.31900927,-0.3172093,-0.34325802
5.0,-0.11699026,1.044008,5.0,-0.34344882
0.0,-0.1985867,0.30063105,-0.8443934,0.3933889
0.0,-1.21956,-0.20128065,0.23874742,-0.6905511
0.0,-1.2783242,0.03408411,-0.2316551,-1.1918398
0.0,-1.2359574,-0.41221967,0.4488129,0.020527504
0.0,-1.6395141,-0.18840529,1.41408,-0.5166098
3.023882,3.7401173,2.3874276,-0.46087366,0.055280276
1.1505421,4.531975,5.0,3.3215005,-1.1688745
4.08978,0.4027774,-1.9009151,-2.4296777,0.5738714
0.0,-0.9990941,-0.83090556,-0.13555983,-0.108996086
0.79778945,-0.790924,-0.009649491,0.17883915,-0.013074817
3.136011,1.9110421,1.5784718,-0.36635453,0.4312072
2.7654808,-2.5455291,-0.41830885,-0.09452367,-2.0
0.0,-1.6529368,-0.22021316,-0.040237,0.04161454
0.0,1.1709497,0.7789162,-1.6305339,0.47812676
5.0,0.15080085,-3.0,-2.6436365,0.6732302
2.6363828,3.8401587,2.414179,-1.9698393,0.24207893
2.1177318,0.22316325,4.059201,3.3862505,-1.0969799
3.0420353,0.571032,-1.0843322,4.0857873,-1.3928009
0.6982544,0.3763644,0.29799905,-0.20235893,0.44955578
0.0,-0.7051072,-0.631697,0.40550217,-0.43357766
2.1817772,1.2438247,1.0073245,-2.1718936,0.5796554
0.0,-0.057878885,-0.013296589,-0.045095313,0.44266847
0.0,-0.6588122,-2.6515784,-0.1444232,-0.9382845
0.52133,5.0,2.7345507,-2.7699494,0.030971881
4.603077,2.1968563,2.0893428,-0.7135885,0.8785132
0.0,-1.0510244,-3.0,-0.34225297,-1.9341623
0.0,0.6638277,-1.0102012,-2.2553954,0.41132903
0.0,-0.44148856,-2.0642102,-0.35821158,-0.4871283
2.759488,0.54900557,-3.0,-1.0506773,0.63258314
1.2512894,0.17638114,0.012416733,-0.15644766,0.34698242
4.176399,1.9156477,1.5029589,-0.20654005,0.09629567
2.8049746,0.020118302,-1.9032147,5.0,-0.3061034
1.1446662,0.79952615,0.800195,-0.6035644,0.4055182
0.8759301,0.6702809,0.18984911,-0.5601969,0.598405
4.0758834,-0.49833605,0.3408153,0.058525298,-2.0
2.4094145,0.36519635,-0.20390174,5.0,-0.2872724
0.78767616,0.3285445,0.51051164,-0.25322798,0.02300915
1.473388,0.63595754,0.34234244,-0.13961233,0.22284837
1.16243,-0.4083623,-2.4532669,-0.025533991,-0.54443717
0.0,0.43701962,0.7139837,-0.3783929,0.32486826
3.9074953,0.37165612,0.1720128,-3.0,0.51703304
5.0,1.2991217,1.635007,-0.56841505,0.2119255
1.2617084,1.2929417,1.4214051,-0.6490796,0.31342867
0.0,-0.029300304,0.4403319,0.004150467,0.036782093
0.0,-0.31719813,-3.0,-0.16437088,-0.22226636
0.8415994,0.39003363,1.312052,-0.22721389,0.4074434
2.4807622,-2.763292,-3.0,-2.9156659,-0.59933317
0.0,-1.5313047,-1.1001121,0.19755891,-0.78295195
0.0,0.23435223,-1.8524386,-1.838087,0.52534825
4.679412,-3.0,-0.8216778,-0.27516532,-0.34269193
1.1879683,0.8754129,1.2756503,-1.105378,0.21730827
1.8950323,1.6376088,1.0942359,-0.8755111,0.41127986
0.0,0.34148136,0.2573868,-0.19349158,0.20553288
5.0,1.3312502,0.84067464,-0.85932547,0.51464653
1.0100782,0.26767284,0.50790113,-0.44788423,0.43261164
0.8864546,-0.0062730266,0.29468438,-0.082776204,0.062415026
0.0,-0.99728316,-1.9603573,0.3726835,-2.0
5.0,-3.0,-1.050824,-2.6501014,-1.4458807
0.0,-0.6211521,-2.4380355,-0.36778498,0.10044815
1.1838555,0.3422486,0.20432952,-0.539434,0.26457682
0.0,0.60685813,-1.3445771,-3.0,-0.19753838
5.0,0.041642554,-3.0,-0.58527225,0.16442525
0.0,-0.4817326,-0.21674664,0.15143225,0.21299274
3.659397,0.3707961,-2.5673866,-2.165445,0.4024818
0.0,1.0824062,-0.12386483,-3.0,0.47172278
5.0,0.043130998,-1.5632533,-1.3434062,0.06264141
0.2410673,0.82045186,1.0609553,-0.65602064,0.8041932
0.8672447,0.57729244,0.7247027,-0.3510612,0.66700256
0.0,-0.41579932,0.3351049,0.11978689,-0.1919795
0.0,-0.28167444,-2.3681884,0.11362497,-0.20463282
0.0,-0.23175158,0.728912,-0.08382115,-0.36512518
0.0,-2.3334372,-1.5446166,0.16204047,-2.0
5.0,0.5989687,-0.35617712,-3.0,1.0228952
1.4423801,1.0386598,1.3045613,-0.43887237,0.7364841
0.0,-0.33656812,0.48304504,0.08390049,0.25697806
5.0,0.032699604,-2.0775325,-0.31794226,-0.14712271
2.7415354,3.6781042,2.2792754,-0.84410846,0.8459906
0.0,-1.03871,-3.0,-0.49622983,-0.48520473
5.0,0.8692034,-0.010677156,-1.2218952,0.8883404
5.0,0.38323286,-1.8891824,-0.9564038,0.47606435
0.0,-0.45821065,0.6629559,0.2091268,0.3746322
0.0,-0.17710271,0.5869669,0.08050258,0.6322647
0.0,2.1156523,3.748234,2.8704877,-1.1398292
5.0,0.14679238,-1.5375695,-0.044954125,-1.4163978
4.066621,0.4509117,-0.15002777,-1.290468,0.30367103
5.0,1.387758,5.0,3.2353852,-2.0
0.0,-0.39477608,0.36072564,0.37822932,0.29869416
0.0,-0.50021315,-2.243138,-0.28998554,-1.6221321
3.5506127,0.14526287,-1.7399762,-0.5028081,0.23025848
5.0,1.7891722,2.6071384,-2.377915,-2.0
5.0,1.0648422,0.8715225,-2.2831833,0.8405977
0.0,-0.47811553,0.5215796,-0.040466882,0.21824811
0.0,-0.12676963,0.75902885,0.20495346,0.24612951
2.8835835,0.23058107,-3.0,-1.558137,0.62950546
3.6148896,-0.011737281,-1.9181753,0.03301627,-0.86060905
2.7417977,3.007409,2.040835,3.5062628,-0.7846273
1.7957059,1.7488054,1.9003466,-0.42950037,0.32540813
3.7993562,-2.7418585,4.4655747,-0.3037262,-1.7728655
3.1461587,0.38198447,-3.0,-1.9156511,0.07021734
0.49738875,-0.12800416,0.71952724,0.23465495,0.22527255
0.0,-0.27872342,0.98390746,0.24005213,0.26893273
1.4803448,-0.30294988,-3.0,-0.29694638,-0.20826401
0.0,-0.55964386,1.3834221,0.3552372,0.3289506
0.43228182,-0.3244649,-3.0,-0.4510883,-0.80619466
3.661023,0.92291224,0.32300568,-2.520935,0.8159142
2.8321733,2.3307526,1.999518,-0.31476775,0.392494
0.0,0.25459334,-1.1191709,-2.4226692,0.7523184
0.0,0.5199566,0.5359372,-0.8029933,0.74964464
2.829974,0.70267045,-1.2756964,-2.5001738,0.7241914
0.0,-0.3156676,0.8964642,0.3672955,0.040659048
0.0,-0.4217076,0.9276111,0.45435464,-0.109798074
5.0,0.15268183,-0.9681418,-0.18102993,-0.56714463
3.7852273,0.46716818,-1.1716242,-1.5711609,0.5905848
0.0,1.2942232,1.5862305,-0.30456516,0.44759434
4.3726826,-3.0,4.91065,3.7085965,-0.88124245
1.3463488,-0.22015189,-1.3246393,-0.3283058,0.24698685
0.0,-0.17690852,1.0214028,0.41297084,-0.028488545
0.0,-0.3399796,0.85390663,0.38766044,0.062231258
0.0,-0.2975906,0.9190804,0.45318228,0.16809721
0.0,-0.6209304,-0.89920115,0.11671461,0.68802273
1.114319,-0.90264547,-2.720931,0.37441492,-1.3823004
0.0,-0.1663911,-0.86834186,-0.6564046,0.30848494
0.91873264,-0.026167342,-3.0,-0.49547592,0.34148005
0.0,-0.33242023,0.97267485,0.26889634,0.011107744
5.0,0.95170647,0.87515926,-3.0,0.4126677
3.8058383,0.6734756,0.43532377,-0.7642808,0.39345157
2.4935873,1.4284759,1.767786,-0.56270707,0.25837046
5.0,0.725914,0.024686737,0.17619047,-0.33011964
0.6507789,0.32604736,-1.4005907,-1.670939,0.2561338
2.189307,0.2219299,-3.0,-0.41399276,0.25069597
0.0,0.2424907,-0.4648048,-0.8733269,0.6713974
0.0,-0.30188975,0.77374154,0.38704127,-0.07437742
1.7092147,-1.8398046,-0.010575184,-3.0,-0.6260219
0.0,-0.2328087,0.9848521,0.2691922,0.14323545
0.0,-0.9883704,-2.0412333,0.010705934,-0.8480407
2.0941253,2.2013917,1.899324,-0.35477653,-0.0066733155
2.5660017,4.9539285,3.0901365,-0.3462164,0.41512936
1.7873532,5.0,4.01624,0.12911004,-0.4324245
0.0,0.23626773,-3.0,-1.7221282,0.6652319
0.4441678,-0.07641081,-0.51814866,-0.3745877,0.592854
1.0917921,0.18742971,-3.0,-1.0383152,0.45992985
4.3473334,4.3109016,2.9030962,-0.6116587,0.6568445
2.230621,0.40897268,-1.7646356,-2.053973,0.5230606
1.990294,0.21939035,0.18976724,-0.062358614,-0.07020359
1.3736492,-0.027053894,-3.0,-0.7167677,0.075664826
2.794517,0.44864228,-1.989024,-1.3386347,0.5374144
0.0,-0.19538377,1.0228187,0.33025318,0.1906601
3.1408331,3.3230362,2.3916903,-1.0505444,0.42351142
5.0,0.36352447,-0.9994782,-1.336954,0.29962465
1.8653836,1.541731,1.5035068,-0.103875645,0.20576797
0.0,-0.28134614,1.1117454,0.3638879,0.032723516
3.9601681,0.45690325,-2.5932083,-1.2424554,0.49552417
2.3255465,4.32399,2.6682076,-0.80651623,0.5531566
0.0,-0.16473751,-1.1802427,-0.97449964,-0.28847694
0.99281436,0.08024555,-0.85461485,-0.6594167,0.27746084
5.0,2.9487298,2.7857168,0.17675266,-1.3426403
1.837981,0.9671339,1.0611063,-0.18145177,0.2150447
5.0,1.7225397,1.306604,-0.93621147,-0.029930966
0.0,-0.29495075,0.97432,0.2791714,0.111562066
1.5905297,-0.2043065,-2.4090548,-0.22018087,0.16868283
2.8984625,4.538575,2.6509767,-1.0511056,0.5565706
2.6455867,0.64449114,-2.1207101,-2.515913,0.5648669
5.0,-0.10022168,-0.51015276,-1.8029712,-0.1900071
0.6245128,-1.2275549,5.0,2.9749818,-0.9391295
5.0,-0.04567707,-2.6729963,-0.64030886,-2.0
5.0,0.033150412,-3.0,-0.34088224,-0.78866196
5.0,1.6708922,1.1054996,-0.12282689,0.750936
1.6207289,4.7730927,2.5455072,-0.41330814,0.88153833
0.0,-0.26110578,1.0085284,0.39294505,0.18537088
2.0280733,0.81764525,1.0669533,0.15058991,-0.26489052
0.0,-0.28875953,1.06573,0.45226347,0.12821911
4.2868533,-0.19915168,-2.1473262,0.6384353,-2.0
2.9337363,0.96931595,0.8850845,0.16887596,-0.002627665
5.0,-3.0,1.3289245,-0.09895375,-1.4510264
3.8145075,0.22424476,-3.0,-0.9172395,0.2676889
0.0,-0.15897869,1.0625738,0.36962625,0.16955878
1.963619,0.2984857,-2.6058164,-0.8389989,0.4382538
1.6268485,-0.108736746,-1.6707714,-0.35867447,-0.2120382
1.7734038,4.1161666,2.3573287,-1.0250605,0.3427763
0.0,-0.21867518,1.2173774,0.44429436,0.008261649
0.9799461,0.77124184,0.61490834,-0.9493707,0.7145157
0.0,-0.22690691,1.456644,0.6120594,-0.34759974
0.0,-0.46277806,1.469782,0.5845818,-0.44733068
5.0,-3.0,-3.0,3.0150208,0.09903429
3.8844533,3.0308628,2.363034,-0.0463704,0.007425435
0.86423564,-0.2237485,1.412791,0.5913077,-0.4323686
0.0,-0.24950086,1.6246862,0.6724185,-0.07524684
1.2415975,1.1086626,1.3239751,-0.027466243,-0.24256885
0.85333675,0.40226895,0.0069975746,-0.85421044,0.62923616
0.0,-0.4003232,2.1113071,0.8424329,-0.2619067
5.0,1.6370828,2.3231108,-0.020151792,-2.0
0.0,-0.049086552,1.5143265,0.5824954,0.022188261
0.0,-1.6346438,3.0859816,2.666814,-2.0
2.7865868,4.318509,3.0726156,-0.77076405,0.87837106
3.387135,4.5535502,2.6202624,0.012666637,0.38645446
0.0,-0.31468633,1.4860995,0.9030128,-0.09658725
1.0769988,-3.0,0.3547555,0.87740326,-2.0
2.0518532,1.0448654,1.3073444,-0.17626643,0.009818326
2.5086424,1.3114661,1.3946068,0.17597395,-0.5468737
5.0,1.4719348,1.940939,-3.0,-0.05297043
5.0,0.2701135,-1.576665,-1.3749367,0.7009505
3.2512102,4.5471277,2.7977376,-0.47003502,-0.025983274
0.0,0.62646043,-0.21649674,-1.4233358,0.73102784
0.6688297,-2.9304938,0.06460047,5.0,-2.0
4.6451893,0.29483446,2.3575664,5.0,-2.0
0.0,0.22374728,-0.59586257,-0.9003585,0.31881332
5.0,-0.2500419,-3.0,-3.0,-0.31213388
1.3453975,-0.039263815,-0.38918605,-0.16393028,0.09734563
0.0,-0.14957225,1.6758008,0.26221472,-0.2014729
3.3873947,5.0,2.4215994,-0.440572,0.5385191
0.0,0.1674113,1.1868407,0.53924155,0.022004543
3.9233427,4.199524,3.033774,0.15029353,-0.2526981
0.0,-0.40709507,1.2694378,0.55358684,-0.07529806
0.4300101,-0.6083847,-1.6842963,-0.35408315,0.023723783
0.0,-0.4222144,1.2733856,0.55741,-0.0863126
3.0695145,0.4053172,-3.0,-2.4379766,0.85753804
2.2821782,0.06413605,-0.87873757,-0.4129028,0.258443
5.0,-0.45420402,5.0,1.8065269,-1.7806411
2.1379611,1.3305869,1.2569182,-0.11665123,-0.06608191
2.4035213,1.7364615,1.6543596,-0.11715586,-0.166263
5.0,0.7666945,0.6300226,-1.2924365,0.6972143
0.0,-0.42032292,1.278628,0.562295,-0.08089784
0.0,-0.48317683,1.2670728,0.5661516,-0.14035726
0.0,-0.41680872,1.301538,0.56657887,-0.065767124
2.7917807,0.77820927,0.5537131,-1.9723498,0.48671758
0.0,-0.4912251,1.2611166,0.5595133,-0.15917829
0.0,-0.41195738,1.3202556,0.5741393,-0.04359196
0.0,-0.3917273,1.3330727,0.57409346,-0.023573378
0.0,-0.5089008,1.3117728,0.58043027,-0.13745445
0.0,-0.37500036,1.3566185,0.58050984,0.0114539545
0.0,-0.37093395,1.3683493,0.5850293,0.02875146
0.0,-0.36670324,1.3802611,0.59036225,0.04732933
0.0,-0.35275224,1.3879503,0.58867276,0.06461932
1.4035512,0.6450977,-1.6565443,-2.5284748,0.8090991
0.0,-0.21675915,-3.0,-0.8170412,0.50684345
0.0,-0.34906444,1.4039683,0.59456044,0.0889544
4.7604103,0.53905284,-2.143178,2.98058,-0.42064786
2.6882133,-0.13185541,-3.0,-0.024377802,-0.3272332
0.0,-0.3295499,1.4250809,0.60872686,0.16476828
0.0,-0.30795676,1.4437575,0.6047925,0.18694408
2.6554744,0.2975071,-2.5701573,-1.2427905,0.50937295
5.0,0.24004573,-3.0,-2.2432947,-0.093396135
1.495661,0.4029821,-3.0,-1.3726016,0.5660753
0.0,-0.25930512,1.5139968,0.6265666,0.3554007
5.0,0.5168111,-2.0170655,-3.0,1.1338571
5.0,0.55992156,-1.2093291,2.5553174,-2.0
5.0,0.34371048,-0.32736042,0.22102432,-2.0
0.0,-0.20177856,1.6122264,0.6424597,0.54695857
4.400459,3.4822526,2.2936983,-0.23675206,0.78396475
0.0,0.59608847,0.7594278,-1.3251246,0.88875425
0.0,-0.11352944,1.89544,0.6952699,1.0289694
4.2789474,-1.001367,3.4359574,1.648437,-0.013887905
0.0,-0.16091023,1.498941,0.6021189,0.5992941
5.0,0.52608734,0.6796863,0.25994882,-1.6427304
3.5955513,0.39034602,-1.5823339,-3.0,0.28333443
5.0,0.45145655,0.26890573,1.1308616,-2.0
2.9837859,0.6038481,0.49378783,0.18400869,-1.220621
0.0,-0.16093107,1.5186657,0.59856105,0.57311887
5.0,0.89817446,0.31751063,3.848539,-1.0448347
0.9624378,0.80779356,0.10730561,-1.2752793,0.3203184
3.8881116,0.3173678,-1.6536124,-1.9279866,0.49127448
0.0,-0.16974035,1.6614996,0.6246221,0.4553766
1.5194201,-0.71567845,-1.649446,0.23743507,-0.4267201
3.3974118,0.6238515,-2.059803,1.965382,-0.9614539
0.0,-0.22742292,1.5096331,0.65595835,0.5683125
3.676637,1.388675,1.15308,-1.7362802,0.59786946
0.0,-0.27301317,1.5537379,0.6746616,0.56988513
0.0,-0.23096313,1.4628726,0.6620558,0.698176
0.74569345,0.29646963,-0.43680638,-1.1358498,0.51894736
3.281334,0.87317115,1.1502542,0.04124689,-0.76871
0.0,-0.29333937,1.6213216,0.70890766,0.5547782
3.1198382,0.36902657,-0.28214493,-0.7587031,0.32554516
0.0,-0.3328057,1.6312903,0.7334877,0.59560645
1.7400701,4.5465693,2.8206942,-0.023275638,0.108757384
2.31151,1.1640898,1.2235761,5.0,-0.4954665
0.0,-0.36940283,1.6128012,0.7293809,0.6478936
0.0,-0.28724775,1.670149,0.7474206,0.5512557
0.87184215,0.7987948,0.8951662,-0.35914996,0.26421672
5.0,0.29329702,-2.085223,-2.1610718,0.24443346
0.0,-1.34016,-0.671528,0.4872428,-2.0
0.22368743,-0.26644483,0.9705405,0.50668925,0.8867055
0.0,-0.38626084,-3.0,-2.1032534,-2.0
0.0,-0.3225291,1.7587049,0.8167049,0.587355
0.0,-0.2457643,1.7002066,0.7976872,0.5666336
5.0,-0.156486,-0.65918905,3.67589,0.033652354
0.0,-0.23023425,1.724009,0.86038655,0.6058795
5.0,0.35832566,0.14676341,-0.5043895,-2.0
5.0,1.4940033,1.3466305,-1.424284,0.6877839
0.0,-0.23342992,1.7337613,0.88198537,0.6215696
3.6252053,1.2111251,1.5256528,-1.8534739,0.35832316
0.0,-0.31679723,1.8217429,0.95185435,0.6910145
0.0,-0.4992034,2.0814402,1.1839573,0.8718308
4.875142,-1.820573,4.185455,4.9229555,-1.3523246
0.0,-0.73343265,2.5641117,1.517419,1.1643361
0.0,-0.8894771,2.700446,1.9198838,1.4454479
0.0,-0.74451864,2.8821676,1.2980349,1.0927991
0.0,-1.0221555,2.1694605,1.4163834,1.0995555
0.0,-0.43115112,2.2499905,1.615479,1.0575814
0.0,-1.0325394,2.0211573,0.9283461,0.98062736
0.49053282,-0.62285703,1.9451932,1.0297874,0.772299
0.0,-0.47138816,1.6740537,0.8344586,0.60283035
5.0,0.51941633,-2.0200572,-1.2892448,0.31080166
3.5217643,0.52996314,-2.1575453,-2.2773361,0.30056968
0.0,-0.4797241,1.6678116,0.8443283,0.59944737
0.0,-0.5002694,1.6589657,0.8578357,0.6024052
0.0,-0.50444055,1.6547714,0.86477995,0.59623975
0.0,-0.49760532,1.6619283,0.85601854,0.60467774
0.0,-0.49507412,1.6580701,0.8622473,0.6031982
0.0,-0.49383062,1.6551021,0.86529136,0.5989629
0.0,-0.48810482,1.6624967,0.85922724,0.60177857
0.0,-0.49410185,1.6479613,0.8723363,0.5961898
0.0,-0.47909123,1.7387135,0.80858374,0.6566291
0.0,-0.47991294,1.6261209,0.884791,0.58714575
0.0,-0.48697874,1.6276526,0.88476694,0.5967386
0.0,-0.45879492,1.7651536,0.7911393,0.6910437
0.0,-0.46523568,1.6156214,0.8869775,0.5778457
0.0,-0.45214096,1.7678946,0.7944547,0.66106
0.0,-0.44077444,1.7178142,0.8147528,0.79180074
0.0,-0.462916,1.6382382,0.8942033,0.52807355
0.0,-0.45125476,1.6357278,0.88030374,0.5426773
0.0,-0.44590908,1.7828435,0.7990554,0.59011817
0.0,-0.42549554,1.5903955,0.86825943,0.5894387
2.955534,2.5365608,1.9182997,-0.5489461,0.47242704
0.0,-0.4328833,1.7753645,0.7807067,0.63072544
0.0,-0.41346782,1.6058648,0.86948985,0.57084924
0.0,-0.4293646,1.7817103,0.7886262,0.60052466
0.0,-0.4154918,1.7487398,0.79712296,0.7977804
1.6646264,0.5194399,0.6844988,-0.15314662,0.12608533
3.771824,0.51093864,-2.0246472,-1.1453792,0.7091664
1.6488898,0.66636586,0.6845911,-0.37113383,0.1252483
0.0,-0.43801045,1.7754775,0.8412686,0.5364854
0.08750479,0.1454959,1.2158294,0.14544916,0.23512824
0.0,-0.44051772,1.7884915,0.8122398,0.55088836
2.6296678,1.2085071,1.221014,-0.19874346,0.25047442
4.11374,1.1834329,0.6461148,-2.0532093,0.42710745
0.0,-0.4337634,1.785863,0.81866515,0.5499366
0.0,-0.4379025,1.8017316,0.8457231,0.53169024
0.0,-0.44819874,1.8190433,0.8599268,0.52826214
0.0,-0.462537,1.8361096,0.8730646,0.5226228
3.0884507,1.5313188,1.4253005,-0.16018754,0.03819669
0.0,-0.48216006,1.8590603,0.8984292,0.51476806
5.0,0.1502614,-1.8732685,-0.7538098,0.1536662
0.0,-0.514703,1.8865691,0.92882407,0.50586206
0.0,-0.5520395,1.9061075,0.9627643,0.5000771
0.0,-0.6110585,1.9464327,1.017687,0.48527715
0.0,-0.73991096,2.035554,1.1354017,0.479682
3.772717,1.0675523,0.50149834,-1.4835931,0.7076541
0.79770416,-0.26498723,-2.4453351,-0.5594085,-0.058054306
3.7757561,0.71844864,-0.72396916,-1.8746109,0.6499196
0.0,-0.9411816,2.1554296,1.3001261,0.4561703
0.0,-1.1422013,2.2382638,1.4410366,0.42385834
0.0,-1.2006953,2.2590168,1.4799597,0.43146196
0.0,-1.1015854,2.235755,1.4235868,0.4104951
0.0,-1.1070226,2.244513,1.4377216,0.41738743
3.1441908,1.943458,1.679876,-0.18777694,-0.017693188
0.0,-1.2364172,2.290115,1.5370507,0.48341063
0.0,-0.95763147,2.176523,1.3055305,0.35300055
0.0,-0.9493514,2.1816978,1.3195393,0.35759348
1.4019653,-0.1126539,-2.5244918,-0.46797284,0.22450243
0.0,-0.9596257,2.1886837,1.2964774,0.35298917
5.0,2.2462773,2.5273724,2.63261,-2.0
0.0,-0.93982095,2.205564,1.3169817,0.3495862
5.0,0.91809326,0.73033494,-0.60660684,0.41206455
3.2005281,2.8317053,2.1398053,-0.7321387,0.50983465
0.79922545,-0.4049201,-2.4068582,-0.4408022,-0.4092393
0.0,-0.92301536,2.2114954,1.3473603,0.36211836
0.0,-0.9904876,2.0938416,1.2894355,0.29513577
5.0,0.25609165,0.007890918,-0.125685,-0.93315053
0.0,-0.9394803,2.2637944,1.3196492,0.37961072
0.0,-0.9269398,2.2835832,1.3415048,0.3841946
0.0,-0.93159795,2.308927,1.3364271,0.38263997
1.5058947,0.08589636,-3.0,-1.1421405,0.7389111
0.0,-0.9216941,2.3200502,1.3592602,0.38398272
0.0,-0.9213795,2.3475034,1.3755279,0.38196614
0.0,-0.91601855,2.3698397,1.4027696,0.3816966
3.6591346,0.23627013,-3.0,-0.455284,-0.08765588
0.0,-0.9104829,2.371382,1.4216069,0.3857697
0.0,-0.9014102,2.3658895,1.4497286,0.38669023
3.6613884,0.32489163,-2.392327,-1.7106556,0.6264147
0.0,-0.89725506,2.3500035,1.4522773,0.38769335
0.0,-0.9778363,2.3801818,1.2779988,0.35207903
0.0,-0.8890147,2.2062194,1.4785883,0.38926682
0.0,-1.0846205,2.3509843,1.1904404,0.32669434
0.0,-0.8877394,2.1802173,1.3665615,0.41767368
0.0,-0.89034796,2.2448525,1.3298585,0.44604516
0.0,-0.8866478,2.258365,1.3307686,0.44964352
0.0,-0.8813395,2.2675703,1.3300958,0.45658967
0.0,-0.877095,2.2794225,1.3349663,0.46360916
0.0,-0.87510026,2.2833028,1.32345,0.46260232
0.0,-0.87091774,2.2970152,1.3359855,0.47052535
5.0,-3.0,1.3046519,-1.7386507,-0.6131232
0.0,-0.8658705,2.310946,1.3381225,0.4741671
0.0,-0.8665778,2.3190317,1.3383693,0.47650725
0.0,-0.8632928,2.3296955,1.339044,0.47927648
2.2675848,0.6787163,-2.578829,-1.6891224,0.67664546
0.0,-0.86233056,2.3326468,1.3356603,0.47944367
0.0,-0.8625927,2.3428755,1.3518407,0.4858056
0.0,-0.9253219,2.356076,1.4292514,0.6903666
0.0,-0.91572106,2.3829553,1.4253094,0.5482897
0.0,-0.92936444,2.406554,1.4446799,0.5538276
2.9636927,0.3252955,-3.0,-0.69705254,0.28851858
0.0,-0.9378718,2.4220004,1.4755522,0.5574964
0.6672578,-0.3272249,-0.71374136,-0.066529095,-0.12943602
0.0,-0.002520252,-1.1135733,-1.0059855,0.68034387
0.0,-0.9448821,2.4329593,1.4947153,0.55938286
0.0,-0.9473583,2.4363396,1.502614,0.5606747
0.0,-3.0,5.0,2.8344438,0.7676552
0.0,-0.93826044,2.4200115,1.484726,0.5701967
0.0,-0.9438542,2.4272268,1.4986056,0.5749981
0.0,-0.9430491,2.4285088,1.4957561,0.57402325
0.0,-0.9437658,2.4283886,1.497443,0.5753035
0.0,-0.95417726,2.4449136,1.5252012,0.57665443
0.0,-0.94968694,2.4366603,1.5150219,0.57832956
0.0,-0.9488987,2.4360237,1.5107232,0.579668
0.0,-0.95614284,2.4453604,1.5269985,0.5805854
0.0,-0.94419074,2.4297714,1.50596,0.58306074
0.0,-0.94177145,2.4246938,1.4958572,0.58643466
0.0,-0.9466554,2.4305048,1.5034913,0.5851645
0.0,-0.94798326,2.4312255,1.5051662,0.5871554
5.0,0.4554803,-0.5439775,-0.7208645,0.52927464
0.0,-0.9516246,2.432231,1.5224074,0.5875608
0.0,-0.9412014,2.4214962,1.4653658,0.5956923
0.0,-0.9471853,2.4291186,1.4640975,0.60109043
0.0,-0.9621863,2.4445438,1.4628073,0.6061333
0.0,-0.96937495,2.4521146,1.4615715,0.60870117
0.0,-0.9745839,2.4557674,1.4637218,0.61239904
0.0,-0.9916867,2.4724827,1.4671552,0.61550695
0.0,-0.9985453,2.47854,1.4691615,0.61839366
0.0,-1.0112735,2.4932528,1.4744521,0.61827207
0.0,-1.0342436,2.5149953,1.4872917,0.6194338
0.0,-1.0396615,2.5216448,1.493945,0.62026644
0.0,-1.046632,2.5281346,1.4950892,0.6192867
0.0,-1.0534313,2.5348492,1.5055686,0.6196295
0.0,-1.0642006,2.5652373,1.5052537,0.60678345
2.5180705,-3.0,0.5383747,-0.4791231,-0.8013978
0.0,-1.0560983,2.5545487,1.4966258,0.6105542
0.0,-1.0686294,2.5427241,1.5135981,0.62400407
0.0,-1.0913839,2.5667784,1.5409904,0.61931735
0.0,-1.1109393,2.5868928,1.5662307,0.61641926
0.0,-1.1209075,2.6011457,1.5782793,0.611717
0.0,-1.1500072,2.6303618,1.618405,0.6034016
0.0,-1.1929601,2.6818573,1.6745908,0.5902071
0.0,-1.2521875,2.7564323,1.7472624,0.57111406
0.0,-1.3321415,2.8124652,1.8589741,0.56696737
0.0,-1.2431011,2.76877,1.7330439,0.5570938
0.0,-1.233715,2.7842517,1.7408129,0.54620045
0.0,-1.2381934,2.8085308,1.6791203,0.53808355
0.0,-1.2364945,2.6213675,1.8039255,0.6421274
0.0,-1.1181138,2.755043,1.4963902,0.4886028
0.0,-1.1340228,2.515406,1.6907693,0.63749087
0.0,-1.1284823,2.5617309,1.4594046,0.61824065
0.0,-0.99610174,2.5958862,1.6206174,0.529802
0.0,-0.99875367,2.5958095,1.6157678,0.5312194
0.0,-0.99613136,2.5961463,1.6218326,0.53058046
0.0,-0.9978002,2.5961516,1.6228914,0.52978784
0.0,-1.1090348,2.5521579,1.4718702,0.6135942
0.7794246,-1.146849,1.3121514,4.534333,3.15555
0.0,-1.0980482,2.5501878,1.4821874,0.60969067
0.0,-1.0044458,2.5718985,1.6244968,0.5403331
0.0,-1.0951618,2.5452638,1.4865116,0.6111104
0.0,-1.0055504,2.568568,1.6214576,0.5440046
0.0,-1.006324,2.5674374,1.6183245,0.5471543
0.0,-1.1005368,2.537693,1.4854252,0.6178943
0.0,-1.0971684,2.5357358,1.4892523,0.61807245
0.0,-1.0935616,2.5365844,1.4907557,0.6176095
0.0,-1.0103123,2.556534,1.6146095,0.5561157
0.607685,-0.1313468,0.28112265,0.14189315,-0.22111432
0.0,-1.0972923,2.5317132,1.4921322,0.62038684
0.0,-1.1058459,2.5292459,1.4938718,0.626153
2.1926146,0.77888334,-1.3646206,-3.0,0.4507127
0.0,-1.1076657,2.5298634,1.4956182,0.6276564
0.0,-1.1247324,2.526803,1.4971353,0.63592046
0.0,-1.1315879,2.5266078,1.4979061,0.63978887
0.0,-1.1434566,2.5265155,1.4984367,0.6443245
0.0,-1.1588417,2.526111,1.5016617,0.651575
0.0,-1.1807649,2.5277991,1.5042038,0.65944636
0.0,-1.1944953,2.5283563,1.5058097,0.6639783
0.0,-1.2148427,2.5294657,1.5080156,0.6706393
0.0,-1.2469196,2.5335577,1.5145601,0.6795939
4.0160885,0.30614138,-2.5065281,-0.70537114,0.28339994
3.613451,2.9842129,2.35179,-0.99658656,0.47624168
0.0,-1.2823948,2.5373151,1.5203545,0.68871987
0.0,-1.6571807,2.559504,1.5554854,0.61789507
0.0,-1.3254974,2.5417144,1.52185,0.70143604
5.0,0.3961839,-2.5221543,-0.6763207,0.28088772
5.0,0.70208037,0.0137689,-0.6979001,0.5233741
0.0,-1.3385142,2.5434167,1.5325217,0.7070786
0.0,-1.3491389,2.5444014,1.5343901,0.7112888
0.0,-1.3691738,2.5469475,1.5411444,0.71979743
0.0,-1.3954992,2.5548728,1.5524656,0.734771
0.0,-1.425373,2.5544677,1.5624958,0.7418807
0.0,-1.4734181,2.561262,1.5838946,0.7594196
0.0,-1.5609304,2.570032,1.6218827,0.7883573
0.0,-1.6841263,2.5806546,1.6773924,0.82198644
0.0,-1.9044614,2.5825772,1.779104,0.878724
0.0,-1.8664099,2.5860393,1.7572788,0.8709077
0.0,-1.8287084,2.5877488,1.737266,0.8678273
0.0,-1.9058571,2.588401,1.7873787,0.87987125
0.0,-1.7631272,2.59267,1.6542566,0.8801566
0.0,-1.7860801,2.6054516,1.636715,0.9142393
0.0,-1.7818869,2.5987685,1.6463912,0.8989643
0.0,-1.7918769,2.6102195,1.6347373,0.9265622
0.0,-1.7537962,2.5773177,1.7065934,0.9303949
0.0,-0.47992054,-1.1115127,-0.09138056,-0.48983416
0.0,-1.7952403,2.5692642,1.7549924,0.97869754
0.0,-1.782242,2.5892475,1.6569763,0.9578936
0.0,-1.795465,2.5976832,1.6509231,1.0146751
0.0,-1.8188607,2.587228,1.6375567,1.0114527
0.0,-1.7666876,2.6439352,1.6997846,0.998477
0.0,-1.7827322,2.6743443,1.727216,1.0357064
0.0,-1.8412683,2.715339,1.8103002,1.0943458
0.0,-1.9312216,2.7630577,1.924325,1.1970078
0.0,-1.7695556,2.7237608,1.7122095,1.0759163
0.0,-1.7693717,2.71099,1.7123973,1.0743194
0.0,-1.7658106,2.7210522,1.711934,1.0739971
0.0,-1.7589371,2.6874697,1.7167205,1.0911034
0.0,-1.756575,2.675014,1.7083968,1.1394083
0.0,-1.7709199,2.653883,1.6991857,1.2038411
0.0,-1.7825576,2.6390507,1.6919441,1.2394722
0.0,-1.8027225,2.6253736,1.6870549,1.290453
0.0,-1.8348935,2.6087682,1.6805549,1.3403937
0.0,-1.8090507,2.6076162,1.6911811,1.3199672
5.0,-1.4263514,1.9656463,-1.0552183,-2.0
0.0,-1.7914981,2.64953,1.6738945,1.2976284
0.0,-1.7504107,2.698315,1.6916963,1.2185327
0.0,-1.7931626,2.5658596,1.7639369,1.2440999
0.0,-1.7881786,2.786207,1.649657,1.1340395
0.0,-1.8540848,2.4823754,1.8284421,1.1827265
0.0,-1.8037286,2.7268984,1.5434957,1.0436441
0.0,-1.6976328,2.6563673,1.8470739,1.0267293
0.0,-1.7569654,2.5777607,1.5741606,1.049258
0.0,-1.6823106,2.6257355,1.6879562,1.0238541
0.0,-1.6641147,2.616995,1.7094606,1.0298563
1.0858915,0.5702749,-0.7552494,-1.4905317,0.68127996
0.0,-1.6535387,2.6093884,1.7320806,1.0352447
0.0,-1.6519967,2.607366,1.7344683,1.0346055
0.0,-1.6499618,2.6067312,1.73396,1.0367795
0.0,-1.645451,2.6089206,1.7475672,1.0385157
0.0,-1.6456916,2.6030326,1.7004266,1.0430522
0.0,-1.6395036,2.601548,1.7355483,1.0436468
0.0,-1.6373633,2.6019425,1.7384808,1.0441178
0.0,-1.6371405,2.602821,1.7381111,1.0441688
0.0,-1.8702487,2.7018764,2.4765828,1.0343215
0.0,-1.7005928,2.8873715,1.6988177,1.0787812
0.0,-1.669804,2.497835,1.6480578,1.144637
4.6991663,3.5655127,2.7124314,-2.5484335,0.18391228
0.0,-1.6678388,2.4987164,1.6483293,1.1444666
0.0,-1.6697781,2.4937146,1.6482061,1.1382395
0.0,-1.6661037,2.5117767,1.6512251,1.125796
4.078694,1.7121221,2.0607781,0.049658153,0.006593736
0.0,-1.6623725,2.5157034,1.6512341,1.1297548
5.0,-0.5034174,-0.78994894,0.27538943,-0.99388283
0.0,-1.6558775,2.5181167,1.6509496,1.1350342
5.0,0.41987538,-0.46860623,-0.33350757,1.0652748
1.9487545,1.0292444,4.348879,-0.9256258,1.8474305
0.41094607,-1.6982198,2.5837185,1.6717352,1.0840561
5.0,0.83689785,-0.54941493,-1.5112234,0.15053461
2.0810432,0.64252853,-1.0604129,-1.4697466,0.51839125
0.0,-1.9437071,2.523574,1.6259235,1.0349047
5.0,-1.0252751,-2.3251448,1.7486584,-2.0
0.0,-1.8799052,2.525807,1.6269314,1.0205375
0.0,-1.8961284,2.512642,1.6252618,1.0307125
0.0,-1.9011925,2.550484,1.6279603,1.0136882
2.0684078,0.76926816,0.35458174,-0.009864496,-0.25139892
2.6336668,3.5462675,2.5630527,-0.065024205,-0.3597141
0.0,0.537886,-1.0781611,-1.3060552,0.08702691
5.0,2.332247,2.7074928,3.7757509,-1.2819394
3.8128304,0.77861434,-0.85403085,-2.641259,0.33217713
1.3566078,0.0791128,-3.0,-0.029708264,-0.5375431
3.5304987,2.6552994,2.293873,-2.4330425,-0.022098195
0.0,-1.8653463,2.5019386,1.6235298,1.0390236
0.0,-1.8704726,2.4942849,1.6233466,1.0410701
2.088005,0.3576855,-3.0,-1.5117869,-0.08613009
0.0,-1.9090374,2.6525083,1.6346533,0.9664196
3.9959311,0.41307423,-2.1777465,-1.6624769,0.083819345
0.0,-1.7399465,2.432842,1.6248536,1.0766922
0.0,-1.7271369,2.460645,1.6268606,1.059224
3.6433973,0.38227922,-2.3349612,-2.6280599,0.1216731
0.0,-1.7225726,2.4766576,1.6289691,1.0550503
0.0,-1.7256361,2.477159,1.6286414,1.0550244
3.0494318,4.614012,2.9561918,-2.3396435,0.37993437
1.2858084,0.35077614,0.5492622,-0.7177777,0.6024763
0.0,-1.757521,2.7105103,1.6432847,0.9798928
0.88713163,0.2967475,-2.096008,-1.6947687,1.0152526
0.0,-1.7274834,2.4369898,1.6317983,1.0663006
0.0,-1.7231599,2.4562507,1.6327109,1.0540562
5.0,0.7089374,1.0957115,-1.6803957,0.6907414
0.0,-1.6991498,2.4715557,1.6350647,1.0560083
0.0,-0.9371543,2.6988535,1.5633543,0.52491087
5.0,-0.3845071,-3.0,-0.48770124,0.01025325
0.0,-1.6974157,2.4662492,1.6349872,1.0460774
0.0,-1.6962525,2.4719284,1.6347802,1.0435076
0.0,-1.6975169,2.4650993,1.6347303,1.0483296
0.0,-1.6953272,2.4672265,1.6351516,1.0461742
2.5183322,2.3176544,1.9907769,-1.0108938,0.7566317
0.66367257,0.03859319,-1.6857991,-0.55126846,0.21519026
5.0,-3.0,-0.7559053,-1.218816,-2.0
0.0,-1.6927801,2.4830449,1.6364102,1.0371218
0.0,0.4175458,0.04823311,-2.0415125,0.40039334
0.0,-1.6914451,2.4818153,1.6366192,1.0424724
0.0,-1.670197,2.5325222,1.6345955,1.0578688
1.1391217,0.47504884,-0.84739614,-2.5786252,0.28792256
0.0,-1.6842804,2.4691763,1.6357614,1.0538708
0.0,-1.6880811,2.6485705,1.6396582,1.0358433
0.0,-1.6864249,2.4796598,1.6365333,1.0487518
0.0,-1.6908925,2.6498973,1.642255,1.0269129
0.0,-1.7018162,2.4605596,1.6397383,1.0348097
0.0,-1.6924307,2.4709566,1.63973,1.0426041
3.627367,3.3690712,2.9218285,-0.42981604,0.06963486
0.0,-1.6841056,2.4890397,1.6382651,1.0486088
0.0,-1.6776533,2.4991534,1.6376526,1.0530974
0.0,-1.6799074,2.4820771,1.6370636,1.056789
0.0,-3.0,2.4509556,1.5997986,1.5208755
0.0,-1.620953,2.54614,1.6395016,1.069674
5.0,2.5785863,2.660103,-1.7187603,0.5372583
2.7135494,1.0177422,0.1955947,-1.5688748,0.5222376
3.163822,2.6294787,1.6630218,-0.106525004,-0.16868247
0.0,-1.6154507,2.5373063,1.6335577,1.0908549
0.0,-1.6098588,2.5352707,1.6314044,1.116132
0.0,-1.6070844,2.526986,1.6301343,1.122171
0.0,-1.6046101,2.524623,1.6283182,1.1374112
5.0,0.03012195,-2.0223134,-1.9219611,0.041726667
2.0443037,-0.38587147,5.0,4.004294,-0.110327624
0.0,-1.6025072,2.5231328,1.6262262,1.1466465
0.0,-1.6058209,2.5302486,1.6280609,1.16841
1.2017345,-0.29595435,-3.0,-0.214586,0.524373
5.0,0.6489709,-3.0,-0.4769115,0.0039958875
0.0,-1.6011645,2.5179002,1.6248484,1.1584126
0.0,-1.601736,2.520728,1.6234809,1.167893
0.0,-1.6024895,2.5165465,1.623932,1.1805819
0.0,-1.6017975,2.5179458,1.6228324,1.1821967
3.0525272,3.6329656,2.6221836,-2.5095232,0.7124989
0.0,-1.600213,2.5169795,1.6208574,1.1918957
5.0,0.31231457,0.57187366,-3.0,-0.19528012
3.9504778,0.47562978,-1.1895214,-1.1541108,0.5792044
0.0,-1.5998784,2.5147648,1.6208514,1.2005432
5.0,-0.9694057,-3.0,-1.7507342,-2.0
4.1147723,0.8124653,0.34334552,-1.0281327,0.37140977
2.1137328,-2.8635309,-1.3540999,4.101549,-0.03251285
5.0,0.28563428,-2.017017,-0.34956944,-0.4754687
0.0,-1.599478,2.5127797,1.6197506,1.2020013
0.0,-1.5992483,2.5092084,1.6190718,1.209015
3.4060814,3.8127587,2.8040402,-2.5242789,-0.4676465
0.0,-1.5987294,2.5121982,1.6181866,1.213163
0.0,-1.6012293,2.511933,1.6172783,1.2227155
0.0,-1.6012883,2.514201,1.6173682,1.2294526
0.0,0.3725273,-3.0,-1.9174123,-0.28376767
0.0,-1.6021727,2.5132992,1.6165767,1.2388391
0.0,-1.6020252,2.5104809,1.6156378,1.2438796
5.0,1.3789711,0.53217566,-2.541944,0.23619887
0.0,-1.6031897,2.5074,1.6168023,1.2511125
0.0,-1.6217695,2.5163496,1.6325871,1.2544858
0.0,-1.5977306,2.5045578,1.6174171,1.2281383
0.0,-1.5996051,2.5128458,1.6180352,1.2285712
1.7177153,-0.8435565,-1.1912057,0.58616734,-2.0
0.0,-1.6010665,2.5163486,1.6173327,1.2446545
5.0,0.8968562,0.8997805,-0.6931139,1.0399078
0.0,-1.6024413,2.510541,1.6153498,1.2514299
0.0,-1.6008726,2.508937,1.616624,1.244039
0.0,-1.6019058,2.5159273,1.6165547,1.2521247
0.0,-1.6041137,2.5161803,1.617182,1.2565653
0.0,-1.6025901,2.5122797,1.6156728,1.2587548
0.0,-1.601172,2.5135853,1.6167043,1.2517967
0.0,-1.6034333,2.513389,1.6172338,1.2626934
0.4261364,0.68848765,-0.43209141,-1.8782203,1.0221887
0.0,-1.6016787,2.5067363,1.6170963,1.2558055
0.0,-1.5969176,2.5079873,1.6180832,1.2441872
5.0,-0.10409988,-1.5827141,-0.92881525,0.04896779
0.0,-1.600137,2.5276315,1.6190897,1.2499424
2.3351877,0.26774302,-2.2074854,-0.24882916,0.18624601
2.4490309,4.081198,2.4817789,-0.051130984,0.25803453
1.8900726,0.76007813,-2.5177655,-2.4687777,0.33033115
0.0,-1.5994155,2.5121162,1.6188253,1.2557992
0.0,-1.6049721,2.52848,1.6177093,1.2704693
4.1204557,0.43489692,-2.1419265,-0.8193955,0.7644814
3.421296,1.7745316,1.4870491,-1.355722,0.6681681
0.0,-1.6047263,2.5249429,1.6178057,1.2726922
0.0,-1.612062,2.5222044,1.6157844,1.2987406
0.0,-1.6173108,2.5262318,1.6152989,1.307549
0.0,0.43468,-3.0,-2.1666627,0.95486206
0.0,-1.6098377,2.530591,1.6149147,1.2908022
0.0,-1.6068238,2.5164857,1.6171073,1.2849982
3.4331443,1.1416342,-0.69047856,3.0962784,-1.0756364
0.0,-1.6091939,2.5303643,1.6163316,1.2917916
0.0,-1.6081587,2.5234096,1.6173908,1.2864417
0.0,-1.6057981,2.5272784,1.6168724,1.2851137
0.0,-1.5967901,2.437179,1.6268547,1.2375515
3.4784524,0.23528622,-2.4308085,-0.22358814,-0.29109272
0.66821575,1.118927,1.1073802,-2.2925086,0.22469309
0.0,-1.6002697,2.6051297,1.6202488,1.2384603
0.0,-1.597222,2.600024,1.6212792,1.231127
5.0,2.6389413,2.5683825,0.055941712,0.41906837
0.0,-1.5991504,2.5992887,1.6193424,1.2324691
0.0,-1.5980905,2.5962758,1.6217672,1.227159
0.0,-1.5955794,2.5945415,1.6210432,1.2223555
0.0,-1.5951276,2.58847,1.621325,1.2230227
0.0,-1.5915267,2.5920956,1.6233976,1.2148716
0.0,-1.5970566,2.591557,1.6218061,1.2270175
0.0,-1.5947087,2.5911822,1.6229075,1.2208107
0.0,-1.5905415,2.5827336,1.6237572,1.215207
0.0,-1.5897733,2.5819361,1.6230476,1.2087079
5.0,0.5490172,0.123821594,-1.220642,0.020685244
3.6252427,0.67410356,-1.9027008,-1.5367858,0.5985403
0.0,-1.5892966,2.5847094,1.6237159,1.212104
0.0,-1.5896409,2.585824,1.6254107,1.2132126
0.0,-1.5901575,2.5875094,1.6247674,1.2151964
0.0,-1.5903722,2.5934947,1.6253792,1.217917
0.0,-1.5899984,2.5937011,1.6258789,1.2172159
4.3568144,0.24015376,-3.0,-2.0297384,0.99521613
0.0,-1.5895656,2.5933554,1.6256591,1.2155555
0.0,-0.36865658,-3.0,-1.4194987,0.53626615
0.0,-1.5900297,2.5942612,1.6267802,1.2166854
3.6269488,0.52142495,-0.028746737,-2.3669684,0.6418362
0.0,-1.5913081,2.5948489,1.6266543,1.2247627
0.0,-1.5890698,2.5946836,1.6270527,1.218772
0.0,-1.589514,2.5958362,1.6272962,1.2214286
0.0,-1.5879909,2.5943763,1.627608,1.2199776
0.0,-1.5876157,2.5969815,1.6277721,1.2144389
0.0,-1.5864232,2.5951722,1.6295215,1.2161806
0.0,-1.5834026,2.5984974,1.6288264,1.2092981
0.0,-1.5823671,2.595854,1.6288261,1.2102684
0.0,-1.5848824,2.5990412,1.629247,1.2146738
0.0,-1.5828922,2.5967777,1.6284997,1.2136518
5.0,-1.7316368,2.6317947,1.884587,-2.0
0.0,-1.5795717,2.5956633,1.6309342,1.2066242
0.0,-1.583596,2.5983791,1.6305969,1.21492
3.6788244,0.4645649,-0.5374528,-1.4116999,0.42536753
0.0,-1.5824339,2.6022556,1.6298833,1.2153567
0.0,-1.5853773,2.606601,1.6308411,1.2197758
0.0,-1.584252,2.6066804,1.6310604,1.2197742
3.9815638,0.33357364,-1.529485,-0.1120774,-0.030186154
3.4090753,0.73117834,-3.0,-1.3676498,0.5872283
0.0,-1.5770082,2.6017053,1.6334292,1.2051167
0.0,-1.5776469,2.604274,1.6340176,1.2088841
0.0,-1.5785702,2.602638,1.633624,1.2139715
0.0,-1.5862013,2.6055381,1.6322894,1.2280585
0.0,0.13065113,-1.1180966,-2.0288322,-0.43029457
0.0,-1.5756572,2.6028607,1.6353723,1.2105218
4.086322,1.3646822,0.8252701,-1.356974,0.5019442
0.0,-1.5752907,2.6029239,1.6341785,1.2059267
0.0,-1.5707654,2.5963032,1.6357284,1.2009963
0.0,-1.5708939,2.5969706,1.6358503,1.2038195
0.0,-1.5744277,2.6079307,1.6343834,1.2100781
0.0,-1.5703192,2.6100304,1.6363925,1.1980194
0.0,-1.5725207,2.6121893,1.6360554,1.2085462
0.0,-0.68213725,-3.0,0.25599796,-1.0147334
1.1302869,0.123309776,-0.45618355,-0.6805783,0.6204112
0.0,-0.3203937,-1.2845557,-3.0,0.43274686
4.9975214,0.5358967,2.5395968,1.9865255,-2.0
2.0145845,4.302952,2.7678504,-0.2760252,-0.30825168
0.0,-1.581793,2.6262755,1.6356957,1.2184306
0.0,-1.5551827,2.5835466,1.6398152,1.1793892
0.0,-1.5686628,2.606127,1.6371847,1.2081978
0.0,-1.566317,2.6065886,1.6372552,1.2059177
0.0,-1.5649852,2.6007013,1.6386139,1.2031128
0.0,-1.5580943,2.591269,1.6397506,1.1902964
0.0,-1.5592635,2.601411,1.6401135,1.1957844
0.0,-1.5611953,2.6027675,1.6403166,1.2016948
0.0,-1.5515603,2.5896842,1.6431967,1.1854655
3.3350132,0.90818274,0.7097331,-1.790671,0.93429357
0.0,-1.553759,2.5994327,1.6412679,1.1905214
4.2361064,0.47642398,-0.5613472,-1.0847926,0.5836228
3.983169,0.31725013,-1.1052264,-1.3896221,0.15905155
0.0,2.158689,1.6382605,5.0,-1.5727614
2.30651,1.2597886,1.9977808,-0.030949347,0.23204961
2.8700461,-0.7023025,3.9141815,1.9383836,-2.0
0.7191243,0.15143846,0.11056601,-1.4175149,0.16073675
0.0,-1.5339017,2.5522296,1.6601495,1.1603724
1.6891645,1.302465,0.7204825,3.969739,-0.58421767
3.1565273,2.4943743,1.9602892,-1.3823055,0.39003
2.0042412,3.5037796,2.7851784,4.3774066,-0.49063048
0.6645374,0.41348854,-0.5690698,3.861453,-2.0
0.0,-1.5304462,2.5536592,1.6568546,1.1464432
0.0,1.1750008,3.7367923,4.096394,0.7851423
2.3874388,0.3906211,0.096256495,-0.104962334,0.712377
0.0,-1.5253186,2.574228,1.6613879,1.153134
1.1615067,-0.1471991,-0.025650026,0.21114317,-1.0483525
3.0334628,1.3096404,0.9905246,4.1021185,-2.0
5.0,-0.36472318,-1.0734468,-0.5790449,-2.0
0.26081675,0.8309161,0.63393265,-0.7188838,0.14630666
0.0,-1.5228212,2.565689,1.6622484,1.1532656
2.570952,-0.27870378,2.0746417,5.0,0.1854
3.8994403,0.52387893,-0.5058812,0.31276605,-0.9701754
1.8812306,0.12805527,0.5988538,-0.10861615,-0.74326205
0.0,-1.519763,2.553316,1.6656169,1.1569397
0.0,-3.0,5.0,-0.34312958,2.2573028
1.0426635,-0.11206305,-1.0618299,0.10194246,-0.59836626
5.0,-0.6078265,-1.5071748,4.8380666,-1.7410585
1.3449609,0.7722907,0.94825655,-1.7306792,0.92970204
4.0193577,1.9617049,2.457595,4.977144,-0.12725616
1.6075943,0.013492166,-0.4953399,-0.24639134,-0.54670495
0.0,-1.5234714,2.5713975,1.6621851,1.1550688
1.1575531,-0.09740896,-1.3919146,-0.8446775,0.15164137
0.0,-1.5207744,2.5744812,1.6619956,1.1577322
2.108968,1.740007,1.3976034,-0.24351914,0.7826796
2.795453,0.18402353,2.7711513,2.353383,-1.9090309
0.0,-1.521647,2.561666,1.6635317,1.1591687
0.0,-1.5200888,2.577676,1.6628678,1.160033
0.0,-1.5176191,2.5620193,1.6648661,1.1525205
3.4389427,-0.27703735,-2.9192615,-3.0,0.7227187
0.0,-1.513445,2.57033,1.6643307,1.1579487
2.0414617,-0.10813644,-0.19839214,0.2787118,-0.4619831
1.2721286,0.06986894,-1.9456522,-0.42412412,0.7310335
3.1485236,-0.22725624,-3.0,-0.03886392,-2.0
1.7724518,2.0520387,1.9027666,-2.6449816,0.5770247
3.0611584,2.527284,2.6752646,0.38638777,-1.1639953
0.0,-1.5130991,2.5588357,1.6646093,1.1535517
0.0,-1.5160826,2.5735135,1.6648543,1.160125
2.857299,2.8979588,2.4760003,2.5889575,-0.9479221
2.9946697,-0.015102681,-2.7214248,2.5818675,-2.0
3.5219138,5.0,3.1796982,-1.7600025,0.54360574
1.4640383,-0.1577727,-0.99998087,0.1143846,0.23057623
4.0152698,0.76015556,-3.0,-2.47385,0.035423756
0.0,-1.5136603,2.5696592,1.6636269,1.1594734
0.0,0.21133645,-0.22821046,-1.1980333,0.96780497
0.0,-1.5119814,2.564602,1.6650703,1.156767
5.0,-1.1178191,-2.6920373,-2.4585114,-0.42397657
0.0,-1.5091511,2.5552807,1.6663138,1.1568102
2.62762,-3.0,-3.0,-0.30046237,-2.0
1.8975911,0.5046031,0.4554315,-0.99443585,0.25901404
2.8942707,0.08776965,-1.094742,-0.1386153,0.67078424
1.2200402,-0.46635747,-3.0,-0.6878457,0.3501846
5.0,0.62172264,0.11608344,2.3348737,-0.37437344
0.0,-1.5092531,2.560249,1.6665022,1.158907
1.6104668,0.40712613,0.061642963,4.354992,-0.7472875
0.0,-1.5100191,2.5465682,1.6689872,1.1606145
3.4497502,2.4262793,1.841952,-0.37447283,1.0281899
1.8299075,4.775918,3.0913997,-2.2843428,0.50714326
1.425629,2.0477333,1.3555447,3.3869207,-1.8568443
1.1106442,3.542699,4.2351804,1.6618327,-0.44024283
0.2696719,0.16392253,0.8344676,0.26136136,0.3595718
0.0,-1.5102806,2.5610187,1.6655412,1.1536841
3.1568933,0.31208074,0.3865309,-0.026856475,-0.32824615
4.4840035,-0.94934106,0.007892682,2.6388974,-2.0
0.0,-1.5102434,2.5605571,1.664945,1.1549966
0.0,-1.5099176,2.5570555,1.6658607,1.1549975
0.0,-1.5125636,2.5462391,1.6667627,1.1608117
4.0301094,1.7761129,2.0572076,-1.1969769,0.21875247
2.8323982,-1.1981715,-3.0,0.47146899,-2.0
3.7378166,0.894876,0.3652609,-0.0084461225,-0.0942665
0.0,-0.15444471,-2.0971162,-0.64904654,0.14745483
3.5787854,0.17926614,-3.0,-0.26591498,-1.0969942
0.0,-1.5150459,2.5650992,1.6663464,1.153721
1.4861674,0.20968124,-0.89245427,-1.4247196,0.010733166
2.9763677,1.7201474,1.1107328,-1.6563169,0.24010395
3.702077,0.92593837,1.096938,-2.5652664,0.3724931
3.008949,3.424727,2.2566607,-1.3936244,0.9855263
1.3986408,0.8636282,0.925612,-0.80691695,0.9546436
2.1973245,2.636414,2.0980968,-0.8423715,0.21189533
0.0,-1.5112592,2.562543,1.6654806,1.154763
0.0,-1.512897,2.5735636,1.6643726,1.1530746
0.0,-1.5120995,2.5596178,1.6656672,1.1602298
3.5602443,0.6401757,-1.8667208,-2.5681145,1.118135
1.7847413,0.15436172,-2.1528668,-1.0873514,0.14944336
0.0,-1.5122252,2.56418,1.6654048,1.1616609
3.6605124,0.10212273,-0.10362516,-0.025118642,-0.18020771
0.0,-1.5111089,2.5763438,1.6644032,1.1521721
5.0,1.6513044,2.2167592,2.6940494,0.002855804
0.0,-1.5134585,2.5428743,1.6673226,1.1577286
2.770766,0.03638611,-2.2505279,-1.1870017,0.46529648
5.0,-0.25924173,-2.245526,0.53238255,1.2033478
0.5028097,-0.16031528,-1.1355335,-0.45102102,-0.20135352
0.0,-1.5104604,2.5727406,1.6653243,1.1535974
0.0,-1.5131768,2.5623045,1.6680219,1.1627595
0.0,-1.5087491,2.5607867,1.6663184,1.1547657
0.0,-1.5096606,2.5734446,1.6666726,1.152279
2.7085533,2.9266095,1.9608822,-1.0523101,0.7410077
0.0,-1.5081786,2.5737243,1.6664325,1.1506997
1.8733125,0.92116565,1.1149248,-0.35065293,-0.33003914
5.0,0.19872431,2.0880902,-0.37220395,-2.0
2.4257762,4.409233,2.5649815,0.1696524,-0.2634974
0.0,-1.5089084,2.5645633,1.6674719,1.1534952
5.0,4.2550516,3.2712429,-2.0529597,-0.0064112726
5.0,-0.5019581,-3.0,-0.07445475,-2.0
0.0,-1.5092633,2.579914,1.6666179,1.1543957
0.0,-1.507581,2.579755,1.6663239,1.1501306
0.0,-1.5039178,2.5800571,1.6657388,1.1484623
5.0,-0.088011324,-2.8949494,2.168907,-0.009581877
3.9354837,-0.055289276,-3.0,-0.004788597,-0.45574933
0.7239956,1.6949327,1.6792487,-1.0161072,0.7855726
0.06167779,1.4008498,0.9626982,-0.98127776,0.96637064
3.9079509,3.6133773,2.1574981,0.19433782,0.40049058
2.8185017,0.8383247,-1.8337293,-3.0,-0.34446746
1.1866983,2.1947076,1.825441,-0.6569353,0.70574003
0.0,-1.5037456,2.5700529,1.6671993,1.1509421
5.0,1.4321399,0.46760535,0.677331,-0.048757643
1.8316772,0.48186174,-1.7830843,-1.5358939,0.088415176
0.7214885,2.2354147,1.9620755,-0.904443,0.2640412
2.0662782,-0.034814514,-1.2771823,-0.07195408,-0.36778152
2.1414735,-0.18519188,-2.3110778,0.19481173,-0.36128154
2.4222066,-0.1619794,-1.3638798,0.5619775,-0.26763973
0.0,-1.504904,2.5791655,1.6684494,1.1526873
1.7127014,0.326228,-0.32279268,-1.1103101,0.5498315
1.4155957,1.812579,1.8029684,-0.7076918,1.1096766
0.0,-1.5054547,2.5597475,1.6693614,1.1577924
0.0,-1.4344767,-3.0,-2.6020417,-0.81354034
0.0,-1.5051349,2.5912004,1.6653888,1.1489745
0.0,-1.5014298,2.586801,1.6672513,1.1483746
0.0,-1.4987726,2.582689,1.6683003,1.1475141
0.0,-1.5028082,2.5931401,1.6693765,1.1343819
1.3162849,1.4451605,1.0566281,-0.29622287,0.32351062
0.0,-1.4982485,2.5930822,1.6688926,1.144427
0.0,-1.4973755,2.594555,1.6696361,1.147607
2.858898,0.16722322,-2.1981394,-1.8481554,0.41878825
0.0,-1.4919785,2.5965974,1.6694309,1.1424989
0.0,-1.0303077,0.34070712,0.4613852,-2.0
2.230963,2.0971074,2.1137629,-0.6418132,0.36347395
5.0,2.9341817,2.614776,-3.0,-0.5456596
5.0,-3.0,-0.5555527,0.6993143,-2.0
0.0,-1.4948565,2.5939124,1.6727105,1.1551344
2.8861094,-0.5891908,0.14778629,3.8109682,-2.0
0.0,-1.4924874,2.5999985,1.670447,1.1449962
0.0,-1.4927979,2.593943,1.6731734,1.1640791
0.0,-1.4880933,2.6053255,1.6733589,1.1525621
0.0,-1.4849293,2.6175766,1.6732082,1.1495556
0.0,-1.4837925,2.6271334,1.6739959,1.1552925
0.0,-1.4822433,2.6224916,1.6756532,1.1439139
1.487761,2.03497,1.0214833,-2.763002,0.7402458
3.0964584,-1.6342403,3.7682188,4.2138004,-1.6145979
3.721879,0.36771497,-0.61039317,-0.47272506,0.39875975
0.8823995,-0.23552409,-1.7196628,-0.068076976,-0.038323086
2.391963,-0.072439626,-2.2259777,-0.15045223,-0.6028984
0.0,-1.4792438,2.6372645,1.6748673,1.1552981
0.0,-1.476854,2.6332574,1.6738558,1.1605778
0.0,-1.4721922,2.6457388,1.6875597,1.1536173
2.5618548,0.2284011,-3.0,-0.1237568,0.37590256
0.0,1.2441181,-3.0,3.8092957,-2.0
2.7012548,-0.5111966,-1.621973,2.6086142,-1.6190072
3.1531854,-0.7366889,-1.9588907,1.126971,-0.65464383
1.7619412,-0.485968,0.4293513,-2.3356977,0.3241866
4.6261325,2.566928,3.696398,3.1737032,-0.8857523
0.0,-1.4520702,2.6479585,1.686546,1.151968
0.0,-0.34518927,-1.5421858,-0.49970835,0.49311355
0.0,-1.437227,2.6535988,1.6878049,1.1613605
1.6468511,-1.0217036,-0.13713112,0.6197995,-2.0
0.0,-1.4657462,2.643562,1.6765094,1.172681
2.9148746,2.322117,1.6986735,4.287438,-0.29512942
2.9446013,0.71269643,1.3884035,0.5778126,-1.7862611
0.0,-1.4659244,2.6649814,1.6793355,1.1699125
0.0,-1.4627792,2.6665843,1.6794267,1.1797408
5.0,0.6956401,-1.2265062,-1.1328757,1.0039293
2.5381243,-3.0,4.9042206,2.7322488,-2.0
1.1336135,0.21804604,-2.7334802,1.7374344,-2.0
3.406656,4.0074534,2.6122446,-1.4328449,0.6219696
0.0,-1.4707034,2.6699836,1.679295,1.1471539
0.0,-1.4638225,2.697059,1.6820346,1.1791145
3.5308793,0.40182352,-0.07431192,-1.6104501,0.35911855
0.0,-1.4619968,2.699171,1.6813939,1.1807405
1.2255902,1.806339,1.4191183,-1.3559232,1.0098565
5.0,2.0643165,3.5297453,0.9629736,-2.0
0.0,-1.4584277,2.6857219,1.6813905,1.1871976
2.304989,0.2222931,-1.6602496,-2.4573913,0.50535065
0.0,-1.4616562,2.7201643,1.6840041,1.1867045
5.0,-1.5584873,-0.03854301,-1.3378395,-0.88756955
0.0,-1.4643792,2.7091694,1.6838033,1.1837537
0.0,-1.4605453,2.7071457,1.6833364,1.1876266
2.1945803,-3.0,-1.2914034,-2.809657,-2.0
3.3766716,0.3980963,0.2590828,-1.0843432,-0.04578403
0.0,-1.4612883,2.7133114,1.6836505,1.189319
3.6986353,0.8271407,0.79431015,4.450112,-0.514569
0.0,-1.1826682,2.3372476,1.7196263,0.51593524
3.1999066,-2.0480995,0.92883974,-1.0659004,-2.0
0.0,-1.3430392,2.6712365,1.6854506,1.2244005
2.3205354,1.9426261,2.4184234,-2.5770957,0.7172852
0.0,0.42591274,-2.5759778,-0.45476985,0.21653813
4.197107,4.218122,2.7716625,-1.143198,-0.78817147
2.6799102,-0.4252719,1.0262634,0.26636854,-1.0119092
0.0,-1.3248287,2.6735878,1.683842,1.2449064
0.0,-1.2387317,2.6795382,1.6737064,1.3218246
5.0,0.9821953,-1.273797,0.021551559,0.14383402
5.0,-0.5713809,-2.2394662,0.15564014,-0.6873336
0.0,-1.1830915,2.682256,1.6625571,1.3764491
2.3257065,-0.62950265,0.70178056,4.8020616,-1.1112136
0.0,0.9716291,-0.07420194,-1.7440667,-0.2770681
5.0,0.061721276,0.26349628,-1.9150838,1.1495436
5.0,2.4087358,1.8126715,-2.3396368,0.62820524
5.0,0.9109663,-1.5244149,-2.263838,0.05518431
3.896422,0.9166137,-0.011548611,-0.63270974,1.132565
0.0,-1.1543646,2.6834958,1.6582384,1.4050419
0.0,-1.0884497,2.685908,1.6486697,1.4826099
2.5029378,0.91546845,1.6289341,-1.4017367,0.8320248
0.0,-1.0336515,2.689349,1.640633,1.568965
0.0,0.8065858,1.4867094,-0.9295369,-0.083916984
0.0,-0.9925677,2.690203,1.6317948,1.6416522
5.0,2.1019402,2.3487952,-2.480323,0.6987778
5.0,-0.6978267,-0.8814515,-0.9809015,0.5232796
0.0,-1.4349532,-1.9236432,0.58459413,-0.2523319
3.885356,3.1498902,4.395471,3.9308944,-2.0
2.9088209,0.8246336,-1.7327688,-0.3146529,-0.7748045
5.0,-0.38066387,-0.23609424,-2.651447,-0.095703356
1.9609854,2.0869608,1.8568268,-2.1390753,-0.69496775
5.0,-1.5094173,3.952835,0.7329216,-1.5565876
5.0,-3.0,5.0,5.0,6.0
5.0,1.3774523,-0.29101497,-2.1498625,0.4336171
4.025523,1.7476805,1.5050544,4.8217344,-1.4852029
5.0,3.7662246,2.1655838,-2.1943707,-0.10320452
0.0,-1.0516785,-2.1897745,-0.85985965,0.0031380693
5.0,-0.46138996,0.25361007,0.5317868,-0.9135691
4.674311,-0.16244702,-0.36381307,4.4438667,-1.5595156
4.425545,0.3617757,-0.6597015,1.7578037,-1.9456052
0.8646231,2.9297783,2.3141582,0.31807736,0.5799558
2.6100078,-1.8043098,2.8437982,2.1409862,-2.0
5.0,2.1504662,1.3954918,-2.7444713,0.49032384
4.5908976,-0.5035263,-1.4062988,0.05609942,0.5530465
0.0,-1.0701925,2.6898615,1.6448846,1.5229579
4.196435,2.242804,1.6782224,-1.9134167,1.3725204
0.0,-0.0042783287,-0.3936849,-2.50448,0.007825832
4.2060027,1.1099917,1.1152905,0.47759202,-0.7248713
3.4453874,-0.90024555,-1.4902242,4.4550366,-0.37842974
2.0334954,3.1897337,2.453101,0.32839394,1.1002957
5.0,-0.98685753,-2.167794,2.5875516,-0.7252072
0.0,-0.31653205,-1.5949239,0.4000282,-0.6118842
2.5337033,-0.06782629,-2.2943096,-2.3125777,1.2163134
0.0,-1.0866044,2.6899383,1.6462847,1.5612158
3.57281,0.7663766,0.844716,-0.27221158,-0.24041136
0.0,-1.1073169,2.6879604,1.6511848,1.4579293
0.0,-1.0376731,2.7004497,1.6526359,1.420336
3.8179307,-2.082029,-1.4660639,-1.9367685,-2.0
0.0,-2.211363,-2.4665816,0.43541983,-1.2519162
0.0,-1.1165172,2.6896517,1.6528412,1.4976381
1.2641786,-0.15305215,-0.73943806,-3.0,-0.37489098
2.640216,1.9707552,2.3076348,3.1418252,-2.0
1.4615555,-1.1399478,-2.208034,0.10749178,-2.0
0.0,-1.148352,2.6956537,1.6618583,1.5446651
5.0,0.77233326,-1.1674327,0.59462243,-2.0
0.0,-1.0955037,2.6884544,1.6497324,1.4285778
0.0,-1.0844476,2.6911192,1.6487797,1.4154105
0.0,-1.080011,2.69011,1.6456218,1.4606711
0.0,3.4278262,2.7992997,0.2976629,-0.32288992
0.0,0.58916974,-2.1804385,-1.6734823,-0.42792305
1.7622553,-0.4806073,-1.9274093,-0.044566214,0.41061702
5.0,-1.3139175,-0.26169518,-0.45179948,-2.0
0.0,-1.0878825,2.6919239,1.6514955,1.4055405
3.658073,2.0356839,2.0097165,0.6943828,-2.0
3.7298377,0.10714901,-1.4655025,-0.7579745,1.0195104
2.628382,0.7702554,-0.484341,-1.5718207,1.0401896
2.4295218,0.21123652,0.93420637,-0.34447175,0.2794195
0.0,-1.1078001,2.6884518,1.6505625,1.4580562
2.4223385,0.99370724,0.48546705,-2.443765,-0.08000075
2.9751017,-0.26638845,4.690647,2.6869652,-1.1622275
3.4431398,-0.5083532,-1.2391732,0.13972802,-2.0
1.1303114,-1.5139078,-0.7379386,0.41286588,-0.650745
2.8332462,0.6750861,-0.35118738,0.8924,-1.8754064
0.0,-1.0905925,2.6890056,1.6488156,1.3921667
4.140567,0.3461456,-1.0547992,-3.0,0.9377732
4.851581,0.4137648,0.6726461,-2.7604952,1.253662
3.3387206,1.2363011,-1.9723743,2.6514027,-1.752413
0.0,-1.2596568,2.7914395,1.6547312,1.6414996
0.0,-1.4469061,-2.6534307,0.1911398,0.42112967
2.0396838,-0.67127144,-0.9586801,3.426137,-1.7202935
1.3002267,-1.9552382,4.2917147,3.4966428,-1.1620756
0.0,-0.9948989,2.6516442,1.623477,1.358264
4.1952057,1.8002983,1.3986156,-2.288992,0.2034864
3.5742345,3.1087956,2.581332,-1.5319097,-0.38215783
0.0,-1.02049,2.6501553,1.6253687,1.3571897
0.12592563,0.027296415,0.41718885,3.925302,-2.0
0.0,-1.0555491,2.6445498,1.6269615,1.3778474
0.0,0.025504924,-1.7265207,-0.7234141,-0.8817796
0.0,-1.0757288,2.6600769,1.6405387,1.3324579
2.6595325,0.22501613,-2.5762205,-0.0029559154,-0.03541175
0.0,-3.0,-3.0,3.5823495,1.9010319
0.71797794,-1.161402,-2.0992897,0.888629,-2.0
0.0,-1.0914539,2.660099,1.6425003,1.3350023
5.0,-0.5834393,-2.2302966,-1.16226,-0.461034
1.8760248,0.5853968,-1.9140962,-0.9605135,0.8045719
5.0,-3.0,5.0,0.5101508,6.0
5.0,0.5079149,-2.6036499,-1.8734329,-0.21170753
0.4108817,1.793072,1.6856314,-1.7037354,0.4416057
0.0,-1.0925101,2.6607528,1.6422249,1.3415288
0.0,-1.0934467,2.6571963,1.6411556,1.3494015
1.8241366,0.08115313,-2.5398536,-2.8927977,-0.07481602
0.0,-1.0986851,2.666708,1.6470598,1.3308426
0.0,-1.1017745,2.6605268,1.6445173,1.338654
0.5987946,0.46855566,-1.4079334,-2.05567,0.8543258
1.817626,2.114637,1.6603236,-1.2416207,0.047227763
4.4877706,-1.6119599,-3.0,-0.663108,-2.0
0.0,-1.1009372,2.6608796,1.6448056,1.3424096
0.0,1.114513,-0.78502846,-2.697674,0.6016887
0.0,-1.0975409,2.664155,1.6465288,1.3299419
0.0,-1.0928465,2.6592674,1.6425775,1.3450546
0.0,-0.28501657,-0.20665295,0.24431457,-2.0
0.0,-1.9772426,-1.7873529,0.2020462,0.5850977
5.0,0.98903453,1.4678013,0.035262365,-1.0131216
0.58574826,-1.0096811,-2.5498683,0.69710255,-0.13269313
2.628028,1.2697679,-0.027318517,-3.0,0.030346196
5.0,0.21101098,-1.2227231,3.4315116,-2.0
1.8123995,1.7896701,1.6473287,-3.0,1.4772521
0.0,-1.098538,2.6538234,1.6394312,1.3568267
1.188672,-0.60643274,-1.8102087,-1.6358361,-0.32546735
0.0,-1.1007055,2.6607697,1.6439623,1.3351291
5.0,0.80477804,0.45768726,-1.492619,-0.7797551
0.0,-1.0924867,2.6560721,1.6404618,1.3506999
0.0,-1.288333,2.8683875,1.6328346,1.9883264
0.0,-1.080069,2.6693282,1.650715,1.2985575
5.0,-0.0020563123,-0.90847117,2.817027,-0.109066
0.0,-1.0737891,2.6658483,1.6472154,1.305988
3.0375824,-0.22587174,-0.37901282,-0.7269417,-2.0
0.90901774,1.2415879,0.5094995,-1.2886822,1.4852878
0.0,-1.0761257,2.6697183,1.6503688,1.2986462
3.0233023,-0.3167616,-1.0622803,-2.3592253,-0.08792439
1.3178434,-1.4321218,-3.0,-1.5980706,-2.0
0.0,-1.0713041,2.671142,1.6498868,1.2928123
5.0,1.2760541,1.2796594,1.0281196,-2.0
0.0,-1.0818422,2.6622016,1.6455513,1.3083698
0.0,-1.0661373,2.6608837,1.6427664,1.3148912
1.7178788,0.026222285,0.729143,-1.3635156,-0.14916216
0.0,-1.0885198,2.662072,1.647081,1.3074179
5.0,-0.08834487,-2.251872,-1.2595786,1.2998878
0.0,-1.1000423,2.6184034,1.6030012,1.3597631
3.6931107,0.9097481,-1.0199625,0.6229323,0.38249362
0.0,-1.0939726,2.6736755,1.6558849,1.2906034
0.0,-1.0534662,2.6743164,1.6490752,1.2998505
0.7697385,-1.289722,-3.0,-0.025490943,-0.65618616
0.0,-1.0879165,2.6755164,1.6560081,1.290141
4.481518,0.4393651,1.977865,4.115608,-1.3235223
5.0,0.21018647,0.98318744,1.9747219,-1.6567118
3.2592416,3.992612,2.4971807,4.0883102,-2.0
0.60318506,1.0689957,-2.8197787,-1.7115566,0.9395183
5.0,0.3374393,0.51440626,3.1040633,-0.46237674
2.3228796,5.0,2.833727,-2.7065856,0.6831992
1.1091967,-0.15834856,-1.9540504,-0.75497025,0.07117351
0.0,-1.086691,2.6784928,1.6571579,1.2825395
0.93975514,2.163524,2.1397943,0.14855263,0.78732145
3.5226972,3.0774293,3.5767744,2.1455176,-0.63091624
2.8771343,1.2875721,-0.13660513,4.167084,-2.0
1.153958,-0.14822921,-2.027868,2.1387472,-2.0
0.0,2.2876673,1.5490968,-0.8282413,1.3833052
4.3968315,1.043209,1.2986176,-3.0,-0.5494949
0.0,-1.0700332,2.6802974,1.655967,1.2870808
0.77486676,-1.0945321,-2.220713,0.41399583,-0.69276094
1.7304777,0.7699381,-1.416819,-2.256403,-0.06893582
0.0,-1.0560251,2.6727593,1.6470227,1.2978684
0.0,-1.0782548,2.6775937,1.6547025,1.2886783
0.0,-1.0845625,2.6794827,1.656116,1.2817423
3.8291385,0.80364543,-1.605629,-1.1209258,0.019896068
5.0,4.4027843,3.1420197,-0.49936622,-1.2070173
0.0,-1.0665556,2.6841257,1.6553109,1.275872
0.0,-1.769922,-1.3195163,0.7474409,-2.0
0.0,-1.0831984,2.68371,1.659276,1.2803777
4.034968,-3.0,0.3382438,-1.9554213,-2.0
0.0,-1.0916731,2.680036,1.6568598,1.2744637
1.8031193,0.47747386,-1.0132167,-2.735904,1.1685436
0.0,-3.0,-3.0,0.7827994,3.4548075
5.0,-2.2481194,4.0469413,2.0351074,-1.1737257
2.8982124,0.8453272,1.6751174,0.017637426,-2.0
2.4732165,0.17352825,-1.120434,5.0,-1.7204477
1.8752563,-0.52081877,-3.0,0.4626975,0.19830032
0.0,-1.0627474,2.6780765,1.6521007,1.2887743
2.2533615,-3.0,0.7388371,4.0164256,-1.2531928
0.0,-1.0731895,2.681181,1.6542873,1.2778579
0.0,-0.39216873,-0.4913431,-0.82505006,-0.70428514
0.0,-1.0823988,2.6772654,1.6537983,1.2794641
4.6339493,2.354383,3.5667534,-2.7061825,-1.1826421
0.0,-1.0507444,2.6849077,1.6523886,1.2783152
0.0,-1.0624828,2.6836522,1.6553358,1.2779987
0.0,-1.2202939,3.015597,1.6705004,1.2860013
2.4494405,-0.71545285,-1.0356609,-0.54647356,-0.790318
0.0,-1.0761952,2.6692317,1.6516836,1.2902417
1.356022,1.7639807,1.9460295,3.8220701,-0.57915235
3.6920059,-0.08199774,-1.6732368,0.4188147,-0.6117211
0.0,0.32544357,0.4316447,-1.9905155,1.3278652
0.0,-1.0893922,2.6711493,1.6555893,1.2877653
0.0,-1.0842656,2.6719167,1.6525917,1.2901158
0.0,-1.0266187,2.667443,1.6424541,1.3126209
2.5509162,0.43883878,-0.14249943,0.07133968,-1.4870784
0.0,-1.0830945,2.671466,1.6554186,1.2876706
2.4453228,5.0,2.9224546,0.12117812,0.976425
2.1869042,0.57482946,-1.49747,-1.6730452,1.2292271
2.057865,3.092667,2.0868187,-2.4312022,0.72769064
0.0,-1.0509876,2.6682851,1.6477022,1.3009193
3.598454,0.09268296,-3.0,1.807452,-1.9335235
0.0,1.9735948,5.0,2.8450532,2.263597
2.334646,-3.0,-2.3217657,-2.6059668,-2.0
1.9134291,3.4259558,2.6297286,5.0,0.5259589
0.0,-1.0942813,2.669925,1.6550995,1.2895386
2.3323026,5.0,3.0340502,-0.7898994,-0.8174306
5.0,0.18781598,0.17030227,1.5798657,-0.16590679
0.0,-1.1228175,2.6637404,1.6502963,1.2907834
0.0,-1.0856035,2.673186,1.6563281,1.286301
0.0,-1.0364759,2.664171,1.6424421,1.3133401
5.0,-0.5676552,-1.36614,-1.8060142,-0.25412607
2.5903356,0.039788764,-0.86839783,-1.2345905,0.67076766
0.0,-1.0851978,2.6704617,1.6537873,1.2857932
0.0,-2.669393,-1.8894838,0.8237141,-0.5307202
0.0,-1.0952276,2.668921,1.6552739,1.2865894
0.0,-1.0758104,2.673356,1.6541735,1.282717
0.0,-1.1030067,2.672448,1.6596249,1.2852476
0.36157534,-0.9727004,0.99497586,0.40231135,-1.7218645
0.0,-1.0908648,2.6729767,1.6564872,1.2819273
4.4551063,-0.9575822,-0.38825312,5.0,-0.15378329
0.0,-1.1031152,2.6740327,1.6603302,1.2783322
4.636025,-2.8227985,2.4861908,-0.2394404,-2.0
0.0,-1.0315155,2.669533,1.644995,1.305526
3.6021204,-0.53761286,0.23055482,3.8108397,0.40324667
0.0,-0.4374944,-2.2581043,-3.0,-0.67657447
4.112896,-0.7970188,-1.0927876,1.1116471,-2.0
2.8713126,5.0,3.1548173,-0.16072753,-1.0738454
0.0,-1.0935571,2.6701646,1.6562222,1.2837776
2.5921772,0.07343214,-2.3257816,2.5342333,-0.12532075
5.0,0.085878424,3.4396214,-0.022667114,-2.0
0.0,-1.0371578,2.6604285,1.6393257,1.3200841
0.0,-1.1117026,2.672295,1.658823,1.2848077
0.086887054,0.94042844,-1.8649075,-3.0,0.9865079
5.0,0.30329892,-2.699237,1.233028,-0.34892696
2.9432123,4.571837,3.7400157,0.99536073,-1.4398588
4.1496854,3.5167966,2.392277,-3.0,0.9970627
2.9698868,-0.12673037,-2.514994,0.18292782,-1.4420742
0.0,-1.104657,2.6676989,1.6553935,1.2953023
1.1616485,-1.8978552,-2.1169455,0.7477425,0.39259815
0.0,-1.0165344,2.6579714,1.6315286,1.3348135
0.5981394,1.1267028,1.2836378,-1.071239,1.1741792
0.0,-1.0855457,2.6663089,1.6505167,1.3009181
5.0,1.741268,1.5102222,0.26088175,0.47978595
0.0,1.1439953,2.356824,1.0943124,1.0407681
0.0,-1.1805054,2.6151836,1.6231346,1.4779941
0.0,-0.42860734,-0.15006635,-1.8233562,0.27524808
0.0,1.6268111,1.9501613,0.61640346,0.83574617
4.4353647,0.09068983,-2.8111942,-0.74250126,-0.45819288
1.4182864,0.4036855,-0.33522075,-1.4464178,0.18127027
2.4261742,0.47801912,-0.12883906,-0.24998981,-0.26190346
0.0,-1.060983,2.656098,1.6395189,1.324222
5.0,1.2803715,2.568053,0.70264125,-2.0
0.0,-1.1181844,2.6664639,1.6564282,1.2940903
0.0,-1.2794641,0.3551167,0.5657187,-0.6522251
0.0,-0.6688987,0.017895913,0.51191825,-0.7406379
0.0,-1.1145679,2.667058,1.6571523,1.2968796
2.8117855,4.777707,2.8246174,-1.4674942,-0.107112244
3.494187,1.1288915,1.6040769,-0.28435436,-0.53145826
0.514234,0.33594856,0.96637356,0.06696354,-0.13556366
0.0,-1.0906798,2.6582353,1.6454506,1.3135864
5.0,-3.0,1.2701154,-0.8495417,-1.1445292
0.0,-1.1200815,2.6670547,1.6581349,1.2979857
2.8134992,5.0,2.7589269,-2.2021096,1.553596
0.0,-1.1137998,2.6664286,1.6559576,1.2987022
0.7593706,3.0409386,2.0559688,-0.045668915,0.7016036
1.3727515,0.10304663,-0.26084575,-2.7334697,0.30178
0.0,0.21111608,-0.07316202,-0.57781553,0.6390282
1.2928057,2.3659325,2.1206644,0.30240962,-0.21425384
1.2359724,2.5677874,2.034478,0.38818318,0.5811992
2.2922509,1.6879181,1.8980877,0.2957564,-1.1210859
3.068083,2.4634392,1.9355536,-1.9332399,0.35760167
0.0,-1.1223942,2.664488,1.6556467,1.2996582
5.0,1.1651597,0.119428284,-0.8850218,-0.21714301
2.6331844,-3.0,-0.10744578,-1.0495023,-2.0
5.0,0.3728543,0.39743218,-0.35176304,0.21457984
5.0,2.9529855,2.1646059,-0.19391498,-0.32925868
0.0,-1.1145402,2.6486263,1.6350201,1.3160036
0.0,-1.11131,2.661491,1.6526098,1.3089846
0.6188687,0.054572046,-2.7196858,-1.8513659,0.46083257
4.427219,4.5852036,2.823851,-2.9095716,0.32189357
4.3784356,-1.5655415,4.9543147,4.431461,-0.8455553
0.0,0.65083504,-0.29125288,-0.7661398,0.2798245
0.0,-1.1076444,2.6604688,1.649801,1.3118335
0.0,-1.0953252,2.655248,1.6433768,1.312511
0.0,-1.1198716,2.6521971,1.6390588,1.3090109
1.181496,2.5783415,2.074375,-2.652648,-0.05324135
2.1768568,1.2698774,1.5385977,-2.2823262,0.55006516
0.7984592,0.31458744,-1.2089072,-0.66485316,0.82031757
1.0224925,-0.27386177,-1.8552165,-0.07421175,-0.9460284
2.3131845,0.7414705,0.38099653,-2.3987918,1.0647492
0.0,-1.122527,2.6508522,1.6414549,1.3145354
1.4732199,-2.9229224,0.7117996,-2.4027307,-1.1540805
3.7915766,-0.637742,-0.99811286,-1.1377727,-2.0
3.862203,-0.16396427,-0.4431354,-3.0,0.14544865
0.0,-1.1152605,2.6489477,1.6371198,1.3206054
1.0418583,2.2294083,2.3635933,0.41564304,0.45050424
0.0,-0.43266204,-0.36156836,-0.6577316,0.5387663
0.0,-1.1189057,2.6696072,1.6572256,1.2965645
3.146516,4.0406733,2.7794483,-3.0,0.6712884
0.74915344,0.011468293,-0.7706427,-0.9647489,0.063854545
3.6140637,0.9438943,1.0328914,-2.1444545,0.5870748
4.406466,3.81433,2.6969097,3.243825,-0.99825436
5.0,0.92798704,-1.0664899,-3.0,-0.020439686
0.0,-1.1319371,2.662801,1.6536133,1.2893398
0.0,0.37951255,1.0541017,0.05618571,0.9265324
5.0,1.1037611,-0.4112564,0.47262257,-0.17650628
0.0,-1.1328769,2.6585236,1.6482177,1.296995
1.3952669,0.46780232,-2.6326861,-1.2001991,0.20668958
0.5065955,-0.050796293,0.10461414,-0.3858207,0.68895227
0.8093606,-0.5238304,-1.2479331,-0.08068859,-0.045795143
0.0,-1.1011499,2.659143,1.6444354,1.3026352
2.2895916,-0.079170175,-1.7402941,-1.0702443,0.34346542
2.1794963,0.31937072,-1.510614,-0.40765995,0.6915921
1.7567334,2.514338,2.2475736,0.11664039,0.14064981
3.944799,-3.0,3.8758693,0.33783105,0.37105164
0.0,-1.0615368,2.6534514,1.6341342,1.3291363
3.3799086,0.454545,-0.89776593,2.1532345,-0.5114861
2.7833009,0.37228635,-3.0,0.3090617,-0.73854035
0.0,-1.1311247,2.6676815,1.6581087,1.2908646
1.79399,0.379348,0.03373705,-1.0228869,0.0063123633
0.0,-1.0581601,2.65562,1.6344848,1.3256252
0.0,-1.0618439,2.7568502,1.6481254,1.3241979
3.1575007,0.31722334,-0.71342206,-1.6582086,0.041994866
0.820798,0.18573108,-0.3934218,0.1554582,0.2475046
5.0,0.4896216,-1.9336103,0.115745604,-0.31647024
0.43682644,0.8351362,0.2570241,-2.4025924,0.11698158
0.0,-1.1017466,2.640434,1.6376371,1.3437234
0.0,-1.1028471,2.6437945,1.6397552,1.3372666
0.93098617,1.0254136,-2.8669,-3.0,0.677943
3.7190988,2.6605093,4.741898,1.2269182,-1.7540135
5.0,4.021283,2.6804833,-1.2297678,0.6037936
3.6565163,-0.43433753,3.324709,5.0,-0.8695279
5.0,-0.2937205,1.0855641,-0.22780223,-2.0
1.558837,0.7553719,1.1299028,0.1566515,-1.5930889
5.0,-1.5170901,-0.63256574,3.6374123,-2.0
0.0,-1.1131948,2.6373057,1.630434,1.3347409
1.1087408,0.99357486,-2.0425167,-2.7458599,0.62592185
5.0,2.2459636,1.2828381,3.5110621,-0.9222252
0.0,0.17038624,0.89857143,0.00021101654,0.38068312
3.2918854,-3.0,2.353409,-1.2573078,-0.85410815
5.0,0.55988973,-0.7774861,-0.109309316,-2.0
4.640124,0.5811233,0.10779832,-1.569447,0.24306382
0.0,-1.1481426,2.659605,1.6587749,1.3065351
3.1865938,-1.4507054,3.1498244,-1.010577,-1.9868656
5.0,2.9742799,1.9791477,-2.7886903,0.047293812
1.7749597,2.837664,2.215918,0.50449365,-0.2963413
5.0,0.77663714,-1.7599047,1.0574414,-0.5823139
0.0,-1.1432996,2.6573553,1.6560701,1.3062509
0.0,-1.1447045,2.6576126,1.6569852,1.3098828
0.0,-0.13603985,-3.0,-3.0,0.86761874
3.897115,1.9296184,1.6311214,2.4975975,-1.8710135
0.0,-1.1379058,2.6552682,1.6535627,1.308129
5.0,-0.0068023275,-0.5204388,-0.3153226,-0.22532754
3.2947228,5.0,2.7804594,-3.0,-0.3121613
0.0,-1.1381499,2.6569698,1.6545022,1.3049793
0.0,-1.071005,2.6426091,1.6318476,1.3416184
0.0,-1.080238,2.6428766,1.6325759,1.3365918
1.6058471,-3.0,1.298872,-1.2711172,-0.4446696
0.0,-3.0,0.47801545,-1.4747103,-1.8512621
0.0,-1.1425596,2.6603973,1.658849,1.303891
0.0,-1.151012,2.6628458,1.6597416,1.2938296
0.0,-1.1799363,2.550577,1.6357468,1.3548309
4.1540003,1.5150449,1.2650713,-0.52787197,0.32457715
5.0,0.23567206,-1.5878525,-0.32943785,-0.11463214
5.0,4.6108503,2.857425,-2.6374094,1.1038864
0.0,-0.49754667,-3.0,0.33080038,0.5199368
0.47113368,0.076686695,1.0625161,0.1857253,0.4112598
0.6826132,0.34694207,-0.9238873,-1.8465352,0.4365788
0.0,-1.1829327,2.612276,1.5580469,1.4466194
5.0,0.39343554,-0.31492946,-1.044916,0.5681709
2.0192645,0.06571135,-0.7221551,0.12033368,-0.70168144
1.6978565,-0.34961456,-2.7783182,-0.24356428,-2.0
0.0,-1.1301606,2.6835139,1.670571,1.2699801
0.9861949,-0.005592648,-2.0492387,-0.35080245,-0.19176929
1.7358482,1.992616,1.630579,-0.59892905,0.3302745
1.9149027,4.366034,2.8181734,-2.626088,1.0207887
3.810594,3.7630277,2.8151312,-1.1953942,0.48947513
0.85876924,0.03954013,-0.04623667,0.018457672,-0.25468397
5.0,3.3162537,2.1978538,-1.2446021,0.41176954
0.0,-1.1469785,2.6815016,1.6682405,1.2654947
2.6226425,3.7910602,2.149165,4.5172863,-0.6838225
0.0,-1.1287855,2.6845114,1.6705511,1.2675616
0.0,-1.147646,2.682446,1.6706071,1.2610132
0.0,-1.1771634,2.6018593,1.5953777,1.2943479
5.0,1.9115705,1.9423645,-2.0683196,-0.045689855
1.1730096,0.4465288,-3.0,-2.5954254,0.44056925
5.0,0.74379426,1.3540798,0.40735695,-2.0
5.0,1.1160119,1.0292882,0.1673829,-0.10300287
0.0,-1.1259248,2.6864843,1.6727413,1.2662015
1.169834,0.21963416,-0.06176621,-0.56465954,0.17377329
4.0510244,0.6898915,0.4938597,-0.34039703,0.40247786
1.1533611,0.09626753,-0.9275944,-0.19550127,-0.2696907
4.6609225,-3.0,-2.1289077,-1.2603246,-2.0
2.768295,4.2734942,2.8611221,-0.10370018,0.20383991
5.0,0.09848208,-1.8670729,-0.62814146,-2.0
0.0,-1.1546128,2.6837041,1.6711563,1.2565435
0.0,-1.1455996,2.6838896,1.6702185,1.2585466
3.0602148,-0.093489535,-3.0,-1.1718656,0.095368266
0.0,-1.1277585,2.6863873,1.672901,1.2689053
5.0,-0.35755444,3.344195,2.3006976,-0.8516303
4.2819467,-0.39177635,-2.0670593,-3.0,0.25137812
0.0,-1.1320881,2.6857033,1.672969,1.2664776
1.071893,3.3271754,2.2990155,3.7082102,-2.0
5.0,4.4778223,3.351497,3.8263872,-1.805055
2.8450572,3.3395529,2.8986428,4.900245,-2.0
0.0,-0.7081959,-2.6153612,-0.83201987,-2.0
4.471797,3.9104745,3.8773193,0.17423937,-2.0
0.0,-1.1421801,2.6851778,1.6713392,1.2634087
5.0,-3.0,0.23468493,-0.03230975,-2.0
3.0949883,0.4752358,-2.6645045,-0.4370022,0.66282237
1.4247761,0.4995522,0.3877385,-3.0,0.80335504
1.8818254,0.8252794,1.2279348,4.371675,-0.20652553
2.14578,-0.21225072,-0.57784784,-0.007824104,0.2699851
0.0,-1.1297592,2.6844249,1.6700885,1.2670683
0.0,-1.1311759,2.6850743,1.6723285,1.2667284
0.0,0.7454844,-0.6734244,-1.3501377,0.9655089
5.0,4.017776,2.6183934,-0.14307706,-0.009435696
5.0,-1.3558873,4.4323707,1.2929163,0.13860872
3.6009915,0.18685289,-2.062232,0.007566375,0.24417421
1.7221915,0.4936263,-0.29664308,-0.30332875,0.66156226
1.8108279,3.3392606,1.9020787,2.8371222,-1.966578
0.0,-1.1278127,2.6837265,1.6696924,1.264698
2.4008863,-3.0,1.562265,-0.58233875,-2.0
0.0,-1.1440673,2.6842284,1.6713824,1.2639786
2.974946,0.17292267,-0.30602768,-0.36572838,0.4143735
4.0138416,0.49479717,-1.187372,-2.175847,0.73028255
0.0,-1.1533223,2.6815083,1.6689845,1.2574999
2.4951496,0.14926922,-2.3411338,-1.5131754,-0.15848494
0.9336138,-0.04091141,-2.2095761,-0.6897075,0.71005094
5.0,3.955943,2.4546187,-0.8337601,0.10274865
0.0,-1.1239746,2.685077,1.6704223,1.26584
5.0,1.7271109,1.074605,-1.8743349,0.7576365
0.0,-1.139146,2.6854632,1.6721232,1.263567
3.2643878,0.013716717,4.0906663,-1.9237075,-1.919426
3.7865613,0.38479856,-2.7751074,-1.6244116,0.26840132
0.0,-1.1328756,2.6860573,1.6724287,1.2644496
2.5291183,5.0,4.544736,3.9071078,-0.3114545
4.4031153,2.0876245,1.6207787,-1.1564659,0.8549103
0.0,0.20126353,0.87018514,-0.22499585,0.8442109
1.2977457,0.45247796,-3.0,-2.4495916,-0.8336415
4.095988,0.6923924,-0.151865,-2.7053986,0.6831832
1.1862034,0.39492565,-1.6446459,-0.96824074,0.035996407
0.0,-1.1426066,2.6871767,1.6727093,1.2616048
5.0,1.022636,-2.989447,-3.0,0.8821929
0.0,-1.1369412,2.6868799,1.6739539,1.2666534
0.0,-1.858323,-1.818424,0.54764664,-1.218878
0.0,-1.1463776,2.6853883,1.6735872,1.2635103
0.0,-1.1632951,2.681401,1.6720686,1.2588601
0.0,-1.1338688,2.6863844,1.6730905,1.2665025
0.0,-1.1332526,2.6879442,1.67423,1.258765
0.0,-1.1476297,2.6842618,1.6703522,1.2599883
0.0,-1.1585797,2.6794536,1.6670641,1.2562152
0.0,-1.1340809,2.6878557,1.6744726,1.2664464
5.0,-3.0,-0.03977674,3.2055826,3.3122709
0.0,-1.1699418,2.6737945,1.6619687,1.2517788
5.0,-0.3337298,0.33726004,-1.1170726,-2.0
0.0,-1.148096,2.683508,1.6710513,1.2597147
0.0,-1.1125339,2.6869347,1.6707138,1.2688066
0.0,-1.1239123,2.6887937,1.6742091,1.2712997
0.0,-1.1294862,2.6855695,1.6718236,1.2666591
0.0,-1.1350706,2.6843889,1.6710509,1.2644465
0.068759434,0.5907405,-0.7092917,4.619773,-1.7219542
0.91328883,5.0,3.0148947,-0.47480685,0.18997182
2.1015725,0.4158279,-0.5134811,3.779307,-0.41913483
0.0,-1.1737521,2.5951478,1.6492995,1.3594388
0.0,-1.1045902,2.6922467,1.6697304,1.259364
4.8603015,5.0,2.6064782,-1.5144633,0.697086
0.0,0.145102,-1.7054819,-0.82996047,0.75066596
5.0,-0.49780688,3.4149752,1.4172031,-2.0
0.0,-1.0929648,2.6928089,1.6682667,1.2570271
1.8060566,3.0914273,2.4292955,-0.9135959,1.1606241
0.0,-0.67848253,-2.8593018,0.8664098,-1.3859724
5.0,1.1140231,0.7087303,2.7641742,-2.0
0.0,-1.1029522,2.692879,1.6702739,1.2603226
1.077295,-1.4888117,-1.6217129,5.0,0.14075422
0.6603969,5.0,2.9708838,-0.172408,0.97693074
0.0,-1.1331517,2.690007,1.6694249,1.2478606
2.7891316,0.2186418,-2.2788928,1.3844148,-2.0
4.013938,1.5015641,1.1821272,-1.4386268,1.1603957
0.0,0.33908778,-1.6226268,-1.4337128,0.7882096
0.0,-1.0179377,-2.1208668,-2.21354,-2.0
5.0,4.082785,2.5362706,0.28911975,0.39351884
5.0,-2.2884982,-1.968825,-3.0,-1.8147558
4.6795015,0.23351693,-2.7878602,-1.0418515,0.11621293
0.18896124,-3.0,-0.059169285,4.1256647,-0.6164875
0.0,-1.1101863,2.6916223,1.6684798,1.2495296
0.0,5.0,2.9495158,-0.521931,1.4131339
5.0,1.9076525,1.8096535,1.7659148,-1.0358496
3.6182566,0.3510235,-1.0243596,-0.56115127,0.3642015
4.0451694,3.8334103,2.5518022,0.04246178,-0.2481927
0.0,-1.0968742,2.6929028,1.6710292,1.2628188
2.3514817,-2.9661093,2.5055096,4.3111987,-1.379605
0.9885556,5.0,3.132048,-0.10852183,0.09317148
5.0,2.1287804,1.8189802,-1.4746777,0.32892865
0.0,-1.1131957,2.6924977,1.6711317,1.255929
5.0,-0.10342172,1.7184255,2.5318544,-2.0
0.0,-1.1064959,2.6930683,1.6714983,1.261512
5.0,1.1535151,1.6911819,-1.3293128,-0.2663622
0.0,0.89775,-1.2361114,-1.8181524,0.5062861
4.100868,0.7667503,0.7968859,-0.9444692,0.15290046
0.0,-1.1199194,2.6915023,1.670922,1.2552925
0.35929984,-0.3351907,-3.0,-2.2497747,0.29832393
0.0,-1.1345592,2.690229,1.6695701,1.2482547
5.0,0.82188416,-2.0301542,-0.5653583,0.3906411
3.9302695,1.7349033,1.495819,5.0,0.36353257
2.2032118,-0.24224281,-2.328384,0.5706971,-0.91546947
2.8319979,0.56932706,0.5754659,5.0,0.54572606
5.0,0.23846869,-1.9222082,-2.0865383,1.1225494
3.7779272,0.21937054,-0.64288116,-1.1760286,-0.31340548
2.5002337,2.6153288,2.4794014,3.9438767,-1.5317745
2.735271,0.13615392,-1.0718629,5.0,0.3289324
1.0787455,4.2215633,2.7900724,4.3186455,-2.0
5.0,2.8683012,2.6572888,-0.5791755,-2.0
5.0,-1.644707,2.5053275,-2.0123894,-1.616259
3.377138,2.571771,2.1687603,0.30131793,-0.70118487
0.0,1.3528914,1.231081,-3.0,0.93638384
2.6099913,3.9044077,2.7261581,-0.81438607,-0.1698495
0.0,0.23342201,1.6508056,-2.7283492,0.048543945
5.0,2.0471776,1.6496228,-0.32325083,0.36677766
0.0,-1.125223,2.6906803,1.6700647,1.2465968
0.90483737,5.0,2.7292383,-0.091351815,0.43272707
5.0,3.6625082,3.0588496,-3.0,0.48715192
2.166751,0.6354181,-2.2857053,-1.3001336,0.84974855
0.0,-0.23972651,-2.6341434,-0.79674697,-0.11284263
3.7407396,-0.14581221,-1.8461752,-2.3209348,-0.2006833
1.1540697,1.0681283,0.77815527,-1.2710582,0.3566276
0.0,-1.10447,2.6936028,1.6708256,1.2539351
0.0,-0.11442575,-0.35839364,-3.0,0.9171716
0.0,-0.32543483,-1.2758739,-1.5446025,0.2683593
5.0,0.4857363,-2.5510583,-2.7009926,0.363744
0.00023964093,-2.9987133,-0.6971486,-2.1302192,-2.0
0.0,-1.1097714,2.6940262,1.6698121,1.254037
5.0,0.97482103,-1.4929495,3.6340344,-0.2656626
0.0,-1.1032488,2.6946914,1.6706235,1.253071
2.8526323,-2.153411,-0.35107505,-2.4969208,-2.0
0.0,-1.1001569,2.6926954,1.6682802,1.2540139
