2.725806,2.2888129
-0.15562646,1.9609424
-0.32384932,0.57051367
1.0542566,0.5638484
0.08787177,1.0059681
1.3013767,-0.00017203906
-0.21489356,0.6819716
1.5341837,0.608862
0.977692,1.3026614
0.29840574,0.5653849
-0.33657172,0.5683717
1.0133234,0.5638484
0.08886314,1.014365
1.3032731,0.004554124
-0.23521714,0.6637779
1.4317887,0.6036257
2.7241664,2.274808
-0.15599711,1.9699723
1.975227,2.8460314
-0.2454696,2.8082285
2.429927,1.8656931
-0.19277139,1.4195592
1.9774806,2.7804294
-0.24549194,2.8678896
0.98268294,1.2681519
0.29706684,0.56593543
1.0543921,1.0023019
0.29370826,0.5639733
2.4605196,1.8603852
-0.19182205,1.4861084
1.9861848,2.8488102
-0.2438385,2.849667
1.329661,2.854841
0.6312409,0.6111995
2.7442174,2.1986694
1.6515605,0.7265006
-0.10798983,2.8027248
1.264879,1.1351231
0.0043907934,1.6522825
1.7464502,2.3104103
1.7854369,2.422232
0.45385247,2.8450444
0.042572677,3.0138395
1.9873194,2.809073
2.490311,1.868391
-0.16686726,2.8346539
2.0921316,0.7857529
1.6875336,1.6648259
1.4598854,2.977475
-0.02133787,2.831719
1.965612,2.8435283
1.7582273,1.2673198
1.8522621,0.974396
0.105189934,1.5306349
1.5766658,2.8107188
0.65001225,2.8971925
1.8098221,2.8164294
1.2689365,2.8583207
1.4802011,0.77793205
0.8804072,0.79623914
1.9469877,0.5882565
1.5615225,1.7164235
0.287322,0.56452304
2.1025505,0.9755467
0.5263927,2.7424107
0.6250366,2.9355073
0.36749768,2.6235654
2.645459,2.521971
0.7852111,0.58656657
2.1996405,0.5489859
2.4355838,3.3063436
1.7306561,1.5557078
1.3909616,3.014033
0.47148928,3.9147947
1.9566312,2.806711
-0.08420704,1.8271521
1.445898,1.976154
2.1936426,1.0696044
1.7734492,2.855428
0.39116514,1.955951
2.0006948,2.803017
2.0289004,2.9111242
-0.11125286,1.9918592
1.9958136,2.231071
0.08775255,1.7384263
0.21769708,2.850322
1.3231175,1.5524787
1.1351702,0.65697527
2.4120915,2.4422083
2.5822074,2.2246344
1.0455213,1.2059811
0.94541866,2.6594696
0.794999,2.7655241
0.470355,0.7298654
3.1048672,2.700641
-0.024315713,2.0236418
2.1253657,0.619338
0.3459443,0.76816994
1.9980601,2.8103776
3.110603,2.5707982
0.8783046,2.8797565
2.5666015,2.5181472
3.0985386,1.7649713
-0.04568947,2.860521
0.23226418,0.6022568
2.1851308,2.9763768
0.42310527,2.8612056
2.091582,2.6537545
2.7079587,3.0240715
2.8215084,2.4065847
2.7252948,2.2338526
1.4061407,0.9853126
1.2121443,0.94530374
0.3065888,0.5677733
1.1892805,0.5640232
1.4991663,2.847165
1.4841739,2.5078022
0.1454631,2.849594
0.49975765,2.8489459
1.6413864,1.813975
0.6579924,0.61005455
-0.19301535,2.7041657
1.231923,1.0938635
0.013577594,2.5516543
0.5784864,2.4757547
3.0586402,1.5572106
2.7890356,1.5252599
1.0201349,1.3419081
1.6542627,1.4784524
2.718053,2.3873289
2.7718148,2.2568188
0.04550985,2.9432073
2.6896527,2.6199505
1.3900816,2.3089314
1.9797541,2.827777
-0.143982,1.6618152
2.1450489,2.9607625
1.8777351,1.9470348
0.82128614,1.7562987
-0.1988013,2.9069214
0.6063472,1.9852562
1.7524587,0.68667495
-0.118185885,1.9946826
1.9443512,0.881962
1.9589076,2.8802934
1.2890022,2.5621827
0.22556348,0.74246097
1.9696752,2.7892265
2.707949,1.579749
-0.17888875,2.8122542
1.6122276,2.8702435
0.6504556,2.7921789
0.37120652,2.112509
0.6909482,2.9593978
-0.15376934,3.0117683
0.66430855,2.8241112
0.8566413,2.8053606
0.6691387,2.8333926
-0.18304846,2.850819
1.3455564,1.1638622
-0.18794729,2.881772
2.64922,2.80903
1.8899448,2.869654
1.9744617,2.4564652
0.7928877,0.62593126
1.6588424,2.8815293
-0.21666005,2.8167431
0.4813864,0.5908624
1.4410564,2.8360324
2.358594,1.1176469
-0.2228152,2.7948673
2.019167,0.58888334
1.2186965,2.0443225
1.8043993,1.8184662
2.8840775,2.3544748
1.1237577,1.4562957
1.9810157,3.0414681
-0.056398693,1.5580353
2.0695941,3.0635211
2.359614,2.9812362
2.6369112,3.1676977
1.9672756,1.4262713
-0.23071544,2.9301944
0.6590283,0.5638484
1.2442576,4.3763194
-0.17442687,2.839024
0.6138973,0.89454424
2.0756176,2.9628077
1.7917942,1.3108804
2.117255,3.045676
1.06042,0.99799645
1.0744684,1.1100372
1.8546058,0.5839121
1.3804996,1.0387098
0.4603944,2.8337877
2.2221072,1.5488873
2.6182883,2.8868544
0.6155803,1.7073126
1.9949268,2.8472946
0.38013726,0.56423557
2.9470851,2.9192266
-0.21844296,2.86272
0.08144174,1.1195749
-0.0642497,1.7485434
1.7432162,1.0038847
2.00161,2.873985
1.3501627,3.2191632
1.9962415,2.7762113
-0.16136108,2.2051437
2.1680048,2.3879738
-0.14337304,1.4976207
2.2163587,2.3061604
0.6209381,1.9148046
1.6760608,2.8819125
1.2875395,3.018256
2.566514,2.1777153
2.8370295,2.245971
0.5263179,1.3443474
1.6419991,2.881092
1.0435082,2.0068634
2.4848888,1.893282
-0.13989265,1.8667043
2.1215482,2.1035638
0.25728416,2.9092357
0.30311683,2.4951475
0.40416092,1.8949721
2.4950778,2.0805464
1.2009832,2.8908277
2.3344188,2.518792
0.6750535,1.4666241
1.7764881,1.929494
0.781998,0.7679315
1.4804784,0.5645228
1.9961283,2.8331275
0.17605384,0.5790901
1.3008014,0.36616427
3.5107791,2.6245587
1.5458475,2.791578
2.4261787,2.1314225
2.5775936,2.5402088
-0.16015774,2.8372087
-0.07379702,2.0250144
1.6223507,1.310616
0.23388284,0.5710684
1.9735875,2.8472216
1.9831502,2.8289971
1.0549953,0.7717543
-0.08072046,0.5314218
-0.20297094,3.690283
1.5002962,0.565998
1.7800996,2.1218169
2.0275464,3.0157664
0.25298595,0.56533474
0.3240692,3.1597922
1.7462555,0.8270443
1.9955455,2.879953
1.5609472,0.89038825
1.5708866,2.8377535
0.16723451,2.6680834
2.1195168,1.7862378
1.9272848,2.9714792
1.4054565,0.8739113
1.129215,2.4451714
1.4728897,1.321062
-0.234598,2.8943355
1.6818439,2.1862354
1.8233862,0.938688
2.4274683,1.8474144
1.1474664,1.3801125
0.6737074,2.842739
-0.13737218,1.6999671
1.7635118,0.77482325
1.0040537,1.3127856
2.0047207,2.935355
0.9359759,2.6871758
2.30758,1.8833038
0.6037839,1.9621582
1.0326465,1.3500748
2.1018262,1.3794609
1.9261551,1.4241759
2.7051506,2.3269255
2.351339,1.3538198
3.5282705,2.6601267
2.09955,2.967296
2.4866288,3.1241724
2.7063837,3.0895205
2.4375732,3.2202284
2.0131073,2.7931764
3.0367792,3.1767983
2.961738,3.1032557
2.439795,3.1180966
1.937044,2.879531
0.36630115,4.357247
2.8281195,3.108593
1.0087845,2.3719704
1.9768403,2.8170981
2.7531505,2.8957183
1.9255037,2.8660626
3.2074778,2.9988122
2.8393638,3.0054362
3.2360628,2.4460711
0.48233923,3.0262506
3.0472798,2.3545625
1.7810566,2.8367686
2.2121968,3.4781222
3.0882251,2.940296
0.9811277,3.541761
2.4475038,3.433537
2.9204745,3.0756967
1.9807705,2.9604976
2.0181293,2.8635828
3.1090982,3.0517502
3.084537,2.0842128
2.2827756,3.332557
2.805022,3.4553826
2.8917136,2.2750268
2.6033974,3.460611
3.243076,3.2592542
1.51825,3.281421
1.6082424,2.8579264
3.2271426,3.0937338
1.809257,2.8862233
1.5886458,2.7862108
2.4525409,3.1402154
1.5231453,2.8376272
2.936085,3.0355072
2.9154582,2.0772371
-0.066267885,0.952802
0.5712976,2.8905108
3.0566087,2.181246
3.0478365,3.1758738
2.05784,2.992143
1.8673121,3.3284066
3.1388397,3.1467576
3.0867648,3.3944552
1.9964436,3.1830616
1.7100971,3.3875628
2.5855265,3.5017998
1.9990517,2.8054245
2.6669881,3.316766
2.2394445,3.2813272
3.5338075,2.6825569
2.6933596,3.3132765
2.4970345,3.2645497
2.7017632,3.375735
3.1917698,3.2745435
0.6458149,3.5119793
3.4067755,2.2011588
2.6888545,3.1469457
2.5525532,2.8098886
1.995072,2.8690484
0.650095,3.1398442
3.49164,2.650891
2.6503139,3.466314
3.0007198,3.2927623
1.5274526,3.5707712
2.4406748,3.3410819
1.7207918,3.63979
3.2706473,2.267457
1.8509759,2.9029264
2.9353461,3.39674
1.2139384,3.723663
0.87544787,3.3983877
3.5605135,2.7069278
2.9059186,3.049879
1.8020089,2.8350194
2.1087065,3.2177067
2.8799458,2.476381
1.1097507,3.4628913
2.6845188,2.7242007
2.3110101,3.2414565
1.9483653,3.4710493
3.3215284,2.1720092
2.4563026,1.6385521
3.355763,2.730541
1.7558118,2.856862
1.6733242,3.0547042
3.2454383,2.6087487
3.1609998,2.3459764
0.9746881,3.5763268
3.040486,3.3491955
2.806929,3.5013912
2.5578136,3.546795
3.2403588,2.7209647
0.8470937,3.228125
2.3075206,3.0665631
2.9277124,2.5418196
1.2039948,2.9696195
2.9211195,3.4606297
1.4340675,3.6202314
3.1287017,2.4116127
0.3663899,3.106196
3.3094852,2.8670003
2.7767706,2.6999025
3.162589,2.410674
1.9626485,2.8280725
1.5875373,3.4350972
2.289857,3.482349
3.0081997,3.2947595
2.9833288,2.388301
3.0181947,3.391179
1.3793566,2.831705
2.2548642,3.2179966
3.1862464,2.9883125
1.4908488,3.326622
1.9707378,2.8189657
1.8209604,3.0962958
3.2479343,2.8985388
1.4351709,2.8441753
1.1728266,2.8435748
2.8199074,2.7172487
2.0411172,3.5365024
0.9059309,3.7587137
2.465711,2.9231367
2.267927,3.358447
2.3818226,3.5092747
2.669653,3.2454834
3.2637033,2.6134398
2.3595726,3.2420206
2.775643,3.5387285
1.8509077,2.8152695
3.2113097,2.9159315
1.9752517,2.8204331
1.89642,2.9598207
2.5771935,3.484882
0.7170083,3.3750904
3.270875,3.0169375
1.9947472,2.8180757
2.963449,3.4700463
1.3858906,3.3482907
2.8631856,3.6122217
2.259091,3.0144942
2.1426618,3.52592
2.3123932,3.458444
-0.3285891,0.57074106
1.9977392,2.8221414
1.0331745,3.6560502
1.9948689,2.8317947
2.6685405,3.3181283
1.8781366,2.826075
3.2607284,2.7358847
1.5612742,2.8192782
1.0466748,3.583994
1.9831405,2.8395014
3.097146,3.1242125
0.24747992,0.566148
2.8967795,2.3074336
2.0016222,2.85656
2.2240813,2.9883194
3.0303705,3.337695
2.7925057,3.0789008
2.311746,3.2678576
2.3539426,3.492035
3.045353,3.3464036
1.9836142,2.8423867
3.1460502,2.6864402
3.3508608,3.0003827
3.410861,3.0053914
2.0237045,2.9018562
3.2718172,2.913094
3.3122647,3.0641289
0.5894517,2.831496
3.3673465,2.9249315
2.6977887,2.8735428
3.3175504,3.0304575
3.341831,3.0758872
3.3077033,3.0738308
3.3752515,3.005126
2.3541393,3.3212059
0.17749307,3.6427646
3.3449335,3.0072498
2.5958524,3.5287778
0.5101064,2.8349135
2.8131175,2.2444782
2.740774,2.4857097
3.1847484,3.01293
3.2459319,2.9771087
3.3118763,3.0272424
3.3010974,2.8801305
3.2346535,3.0339339
2.1885488,3.0186064
2.5036058,3.5058975
1.1026096,2.8513246
2.380568,2.9439688
1.9527313,3.3469334
1.9905896,2.8024096
2.4868903,2.91615
2.0221114,2.851355
3.2484782,3.0531132
2.6480186,3.4528377
2.6960104,2.4160697
1.0312672,3.4812582
0.73066056,2.9100578
-0.19711891,3.4491396
3.3038518,3.0164824
3.3442106,3.02954
2.8100972,3.3690517
1.9805657,2.8538146
2.6719205,2.8699746
1.6255682,3.2106094
3.244976,3.0168824
2.1955502,3.5655074
3.343899,3.0851142
3.1215053,3.0123405
0.13971306,3.9280603
3.1527822,3.0039666
0.42878672,3.2209363
3.0717845,3.4642096
1.9870479,2.8808913
3.3166535,2.9078405
0.23461881,3.986816
2.9601476,3.0144248
3.373415,3.0029454
3.2551727,2.9552128
2.70297,3.4131196
3.250418,2.9243963
2.8868587,2.2787797
3.1411095,3.0489805
3.0418344,2.6911392
1.6698256,3.5596857
0.46608964,3.705011
2.8329103,3.4933496
3.329268,2.8906417
3.2468398,2.8322985
0.15043928,3.7862756
3.3888204,2.9768233
3.2048733,3.0475368
2.2133894,3.067354
1.830725,3.593744
2.7191525,3.2878244
1.9756001,2.8121722
1.0747219,2.8464315
0.08533402,3.6557417
2.2711103,3.4482615
2.4246995,3.5396695
2.8586144,2.1250455
3.1695297,3.4792666
3.3481188,3.0177932
2.896312,3.5017803
0.8661153,3.673466
2.4580088,3.388132
1.9937929,2.8395295
1.1707284,3.6801589
2.2807226,3.0105417
2.6906514,2.2901962
0.42721972,3.430913
2.1119602,2.9458725
1.8887216,2.8628986
3.2328963,3.1036162
0.3639049,4.1666064
2.8032022,3.2080102
0.36416373,3.9245982
2.7268982,2.2630708
2.016904,3.2429872
0.6397084,4.1356974
3.2744513,2.737445
0.96133447,4.020903
1.297895,3.639647
2.940533,2.3551211
1.9123981,2.8094816
-0.17942785,0.6505355
1.9891105,2.8039808
0.36947945,4.1216636
2.9291606,2.21004
1.1115961,3.9197288
3.2464232,3.1232154
0.35007194,3.912111
0.46692243,3.6623075
3.3484664,2.7727857
0.5341939,3.7288203
2.7976542,2.1258757
1.7986168,3.6365035
3.3617628,2.9782674
0.8848721,3.738712
3.27849,2.942413
2.7953446,2.1552691
1.875203,3.5160282
2.359071,2.7868426
3.3531888,3.048115
3.1651485,3.165538
2.5800161,3.5811212
2.4264512,3.4060447
2.013054,2.8210554
2.6160731,3.3503988
3.3302054,2.7032795
3.17522,2.9756799
3.2087379,2.925454
3.0917459,3.2646081
2.9485645,3.3431413
2.6784415,3.2036777
2.5856895,3.51095
3.0045815,2.9347656
3.3184125,2.8880394
2.7665133,2.6810234
3.431848,2.5758212
1.3298991,3.720564
1.6252474,3.5900824
3.0132432,3.1838484
0.67715496,2.2741122
3.1640625,2.995547
0.7117537,3.6728194
2.8650007,2.2084453
2.7618442,3.501014
1.4487776,3.541344
0.9975149,3.5031507
1.7575516,3.4984477
1.9763011,3.4677007
1.995455,2.8595176
3.2165272,2.967761
2.0134723,2.8200946
2.2405775,2.9848816
3.169462,2.943076
1.5344492,0.60886246
1.9965731,2.8701692
0.41793582,3.9669375
1.9913135,2.8755689
2.882615,3.4063842
1.3087295,2.849734
3.3190556,2.9283333
0.8139097,3.7588093
0.42277166,3.2975724
3.33244,3.0942202
1.4070885,2.8535156
2.0472405,3.5214021
3.2998052,2.9196134
3.342236,2.997082
3.2665944,3.0565348
1.9930714,2.8565662
2.0087519,2.8625886
2.8976812,3.474432
2.9962914,2.6921604
3.0402532,3.5493948
3.0742083,2.7543788
2.5492556,3.5981002
3.0668223,2.7636924
2.562282,2.605006
1.3088278,2.8540223
1.9672824,2.8215795
3.1927722,2.8007755
3.2101243,2.9686465
3.2851052,3.1813657
0.94858676,3.5962298
2.7842426,3.038159
3.3390272,3.0635464
2.2959428,3.1439571
2.1880357,3.5944483
3.0363526,2.0781438
-0.15892927,0.5638484
2.2101934,3.0028176
3.1791954,3.353091
1.4071909,2.8234851
2.0076134,2.8217864
2.913207,2.108814
1.9985591,3.6012843
1.8230532,2.8388135
1.2156245,3.372051
1.9944444,2.8334665
1.2231054,2.823023
2.9977477,2.430199
2.616295,3.6154509
2.1484787,2.9286447
3.165473,3.3264031
3.2624404,3.0854812
1.9078112,3.5221364
3.32897,3.1346262
3.4169068,2.0795972
2.3493109,3.093633
3.3258653,2.8590715
2.0714064,3.197663
2.406355,3.8807511
2.3063722,3.7893157
2.3593662,2.710766
2.1333616,4.0635147
3.0781007,2.4535573
2.50997,3.8027256
1.9002838,3.9763114
3.2477853,3.2923772
3.3721912,3.0653303
3.1712768,3.0299258
1.7435505,3.9052029
3.0997753,1.7265861
1.9583734,2.8928995
2.0012276,2.7830827
3.2809725,2.9026957
3.340537,3.0427976
2.623161,3.5283782
2.5174468,3.5658476
3.29755,2.9799817
3.0979176,3.5033104
2.853994,2.2290268
2.4963994,2.8369505
2.7745883,3.7187788
1.8715459,3.519741
3.0495837,2.1491954
3.0948882,2.8277016
1.5945597,4.2641225
1.3215249,4.35985
2.2353,2.9878795
1.9572208,4.2620234
2.8614304,3.441982
2.7326343,1.9928026
1.3159413,4.4473133
3.093922,2.167831
-0.19407165,0.57500017
3.2028472,2.7467663
2.8685665,3.0119114
3.198252,2.8683832
2.9717739,2.1473982
2.390382,3.8867252
3.3802667,3.0229018
1.2839098,3.7871242
2.992588,3.4626107
3.2977834,2.1913254
2.6129951,3.9572153
3.341428,3.033303
3.0681984,2.1239874
3.1748273,2.1399355
3.1382282,2.7441292
3.1339824,2.8734765
2.7473788,2.2578218
3.3522346,2.9458838
3.3620412,3.022073
3.1102164,2.0139406
2.7551394,3.868392
2.6483557,1.0327644
3.0870256,3.0827599
3.0640035,2.4064064
3.3088975,2.9959505
1.8285968,1.5917622
3.1526814,3.3961763
1.4466473,4.162462
2.1882846,4.0460033
2.817501,2.6352446
1.9150977,1.699006
3.262894,3.0383449
3.2083504,2.8484335
3.329591,3.2228713
3.4548779,2.7044778
3.029555,3.6963193
3.1798565,2.686726
2.960158,2.2723958
3.155881,3.295082
1.3536631,2.9474695
0.58153147,1.8363194
3.3583107,2.989946
2.4503045,3.0644906
3.1971834,2.732486
3.3902164,3.072399
3.296236,3.0471835
2.893555,2.2072718
3.246893,2.912606
3.2948148,2.9107902
3.2321377,3.0955775
1.1255361,3.7405086
3.115749,2.454646
0.44496956,0.5715535
2.6795094,2.2264478
0.57813716,2.8279455
3.0062551,2.194432
3.2892642,3.0998843
1.8075693,3.8833292
2.789514,2.1445732
3.2881072,3.1655438
3.3560433,3.030941
3.3064644,2.9219356
3.0426342,2.1879702
0.5742101,2.8510647
1.8678272,2.8703904
2.8604257,2.2177799
3.186181,2.6818027
2.9280376,2.1504548
3.1776688,2.0860264
1.7175148,3.9683883
3.1672268,2.6718428
3.1288545,3.405716
-0.3251353,0.5669104
3.2162263,2.9119155
3.2913678,3.0234854
3.0082948,2.7677553
3.2163916,1.6883426
2.8087718,2.1693633
2.8753784,2.3242612
2.9167178,2.2756958
2.6715305,2.3195596
3.1926305,3.2669559
2.730393,2.0799117
3.326649,3.1554265
2.8897545,2.2600696
3.0887034,2.3215656
2.937967,2.0989199
-0.0039121644,1.8358693
3.050526,3.5075514
3.107159,2.777308
-0.045730505,2.860306
3.1519108,1.7709832
3.3785558,3.1086218
3.2862742,3.2191896
3.2223427,1.7175937
3.1468377,2.2005262
3.0452502,1.5667988
3.056877,1.4875687
1.994908,2.5556011
0.36323506,2.8146098
2.8261392,2.2914898
3.1563513,1.7161807
3.3505857,3.032726
3.251578,3.0312083
3.1909325,2.8960836
3.0107214,2.23069
2.7557225,2.2868447
2.8885827,2.1561005
3.2658207,2.984861
3.106841,1.5141273
2.4098241,3.8733048
2.9180512,1.734795
3.1482658,3.5574126
3.2215514,2.9312935
3.345512,3.1106908
3.3770723,3.0200427
3.380516,2.9978456
3.3008165,2.7915323
2.5078475,2.369185
3.0678287,2.1755004
3.4139538,3.0483968
3.277112,3.2797463
3.1350732,2.2554338
3.276969,3.2102053
3.347224,2.946732
3.1276593,1.6908185
0.72854877,3.3792088
3.2561603,2.982791
3.0302052,2.392864
3.3818138,3.0423527
3.0834372,2.8593824
0.33582044,1.8362209
-0.2474075,2.8509712
2.8784156,2.4569237
3.342895,2.568883
3.153948,1.6487985
2.9789615,3.7230608
3.0804574,3.561105
3.2259748,2.5249739
2.6791677,2.662015
3.3238814,2.7993307
3.1493,2.9693432
3.179209,2.3776448
2.7722971,2.31854
2.8087046,3.1023185
2.2594194,3.6160047
2.866104,2.2382948
2.6916444,3.7112377
3.219569,1.7444837
3.1895792,3.090461
3.1345034,2.758426
3.2962945,3.194539
3.3100023,3.0893478
3.1819031,3.1068482
3.322958,2.9684982
3.258681,3.0754907
3.2764502,2.8379478
3.216187,2.9371984
1.9935757,2.9676561
3.3644397,2.9481626
2.716238,1.5072827
3.169722,2.2682135
2.8593054,2.2537758
3.344183,3.0465984
3.2799735,3.0623071
0.9734685,0.68664205
2.88102,2.1491954
3.0568414,1.7189982
3.2596087,2.3952377
2.850961,2.3949404
2.7325833,2.081806
3.2955756,3.0400648
2.9342504,1.594465
2.7032506,2.1192105
3.2348363,1.9568387
3.1071906,2.7919626
2.4452126,1.8611361
3.3285954,3.1301434
3.1211734,3.698117
0.47829312,2.8614087
3.197558,1.6871479
2.745356,2.2512202
3.0112271,1.4472843
0.861282,2.8481178
2.8421733,2.879888
3.19747,2.9812524
2.9942963,2.2246375
3.236688,3.249345
2.8675046,2.3705547
3.2363188,3.1313353
2.265204,1.4329535
3.361476,3.075125
3.1784937,3.4947896
3.1210072,3.111549
3.1694145,2.7986584
2.2692485,2.1700094
1.9912944,2.8398688
2.7697232,2.091618
0.10040174,1.0120713
2.5285382,1.7572982
0.0458366,2.4667556
3.37035,3.078865
2.533114,1.9696804
3.334078,3.2095804
2.891333,2.3496552
2.8205676,2.3602107
2.6574664,2.2224755
1.9969686,2.8758955
3.3175697,2.8813725
2.8548048,3.3794565
2.8020375,2.5049107
2.910031,2.2626548
2.8923721,2.2390506
2.6649814,1.0497038
3.164338,3.584036
1.58895,1.2417672
3.3426032,2.982835
2.3721454,2.5874844
3.027892,2.748463
2.697557,2.1708777
2.80973,3.0716496
3.3462722,3.102556
3.2915862,3.2316856
2.7467837,3.889743
0.81374687,1.4448495
2.9014752,2.279303
3.0186057,2.1327794
2.217885,2.8848474
3.2552025,2.8822327
0.58478487,2.7800097
3.1527774,2.04852
3.0329704,2.463283
3.2124028,2.9709847
0.7067788,1.1152521
1.8716475,2.7816746
2.4731748,2.2514865
1.2386945,3.7683942
2.6455877,2.2313876
0.5901718,1.2901013
2.711913,2.098494
3.3158996,2.9299836
2.7191858,2.381026
1.7295034,3.1919072
1.813061,2.8770177
3.2223184,2.7553816
2.8486984,2.3244421
2.1100557,4.150504
3.114654,1.5734897
0.9777493,2.0710354
3.194926,2.518031
3.070426,1.6426259
3.223829,1.8821354
2.693142,2.8795643
0.165908,0.8322192
3.3389585,2.9903564
3.0640962,2.6963072
3.2860875,3.0984404
2.9568863,2.4015663
3.3793046,2.9894981
3.3037891,2.9403048
3.2159734,2.6031952
2.933981,2.44706
3.1439228,2.9946797
3.2670763,2.8155692
3.3760734,3.079648
3.3496802,3.1641936
2.7428424,2.137711
3.3851163,2.8028429
3.2748666,2.9222298
3.2604365,2.97753
2.987191,3.826241
3.2708426,2.9929168
3.271487,2.7262661
3.2427542,2.1548867
3.163578,2.0193968
3.0811887,2.3718624
3.3894384,3.2327077
3.348685,3.1059942
3.1959467,3.1406057
3.3937328,3.1034281
3.365612,3.085104
2.5742838,1.6870787
3.306983,3.0299962
3.3362753,3.200437
2.7205708,2.2269065
2.808516,2.456204
1.3384101,2.5578346
3.298772,3.035485
2.8739088,2.2594686
2.1183,2.9874187
3.3217604,3.1103356
0.17331041,0.60920185
3.214982,2.8555746
3.2023122,1.9757664
3.3528006,2.826683
3.4228127,3.0348215
2.2277613,3.019694
0.93300456,1.774988
3.2751064,2.6936123
3.3302152,3.0502703
2.7993739,2.4373865
2.3988612,1.9390198
2.916239,2.311522
3.2142637,2.0031376
2.9234276,2.3836236
2.6577308,2.2836807
3.3568878,3.3657353
3.3118956,3.2587752
3.2794046,3.026103
2.2583728,3.0153694
0.3923303,1.8763797
3.3583934,2.717373
2.963386,2.1959648
2.8075402,2.3693216
3.3343074,3.2905834
3.478027,2.7500083
3.1939242,2.7685716
3.290692,3.062144
2.940365,2.4055922
3.0745919,2.7446473
2.9657824,2.7768161
1.9789957,3.8000584
3.1619651,3.0024705
3.03582,2.525097
3.2389245,1.9695753
3.3589172,3.0263932
3.3428087,2.950534
3.0810256,2.9731932
3.2602699,2.5458174
3.2771168,2.904285
2.7400727,1.5169935
0.11731344,2.4784987
2.1903033,2.5051734
2.621149,2.3012934
1.2800158,1.384309
2.7550526,2.3596132
3.3383517,3.2055798
3.0360425,2.6698902
3.2366261,3.469225
3.23038,1.864079
2.8215659,2.3053427
3.2778647,2.9865003
3.2881901,2.9336627
2.629012,1.8292686
3.2693768,2.978987
3.3647873,2.866617
3.1529787,2.5584023
2.8366299,2.2996912
3.3263803,2.9017644
3.2955241,3.1190355
3.433853,2.817687
3.3456573,3.0559092
2.8899055,2.2205224
3.0872817,1.9112535
3.1264732,2.8572683
3.168082,2.938666
3.1936617,1.8519748
2.585782,1.4942206
2.6019452,2.2796035
1.1923616,1.2676431
3.276362,2.7172008
3.0054965,1.3819797
3.2967649,2.9910426
3.2758553,3.5083344
3.2888794,2.4075418
3.007293,3.3779566
3.164234,2.8557296
0.1696553,2.9642863
1.9270082,1.2928356
3.2380774,2.6290092
2.6388464,1.8406913
2.0726488,3.0106535
0.37371483,2.8343942
3.1948214,2.7812166
3.0667262,1.8551997
2.9873793,2.7197108
3.3416355,2.9408953
2.8345795,2.2898707
1.0997581,4.1513977
2.6795013,2.068534
-0.0049318285,1.5931984
2.9581132,2.3981988
1.2991078,2.80054
2.984657,1.8162007
3.115444,2.972212
3.1477747,1.8667233
3.0920994,1.5670826
2.9176304,2.194632
3.1085703,2.6220372
0.9508163,3.3393009
2.5084307,2.8831084
1.4080522,0.66243446
3.065836,2.9780555
1.0521516,0.5638484
3.0433226,2.2407668
1.293743,4.1798253
3.375792,2.8642387
2.7998817,2.2038763
3.3794672,2.9193504
1.2516843,3.816781
3.0686636,2.5333488
3.2788117,2.2917323
3.3587737,2.419502
3.230257,2.0755262
2.905262,2.2758863
3.450158,2.1428692
2.2186606,2.2523897
2.734904,1.7559537
3.0422666,2.2108243
2.8451965,2.6338193
2.6830301,2.3884273
2.903777,1.9744942
3.2189648,1.8754443
3.2268775,3.0170093
3.2538095,2.5391786
2.31707,1.9913453
2.7326162,1.9626665
0.36807144,0.5638484
2.3901155,1.9835439
0.5898334,2.168162
3.335107,3.012362
1.9916005,2.8201537
3.065108,2.526704
2.7586906,2.0187476
3.3089795,3.1478794
0.18078992,2.79951
3.1652768,2.9857824
3.3004649,2.9983652
1.9187574,2.8721406
-0.18953188,2.893774
1.7477955,2.5827053
3.1903188,2.2058399
2.4411166,3.5341284
1.2758824,2.8304079
2.5336723,1.5519648
3.3796077,3.0394912
3.2507594,3.132053
2.948612,2.4356287
2.7455082,2.1815984
1.9859018,2.838583
3.2396033,2.989715
3.2003822,2.9520395
2.7740762,2.0984156
1.4833488,4.307391
3.0144053,2.578145
3.3218732,2.930236
2.9138389,2.3377914
0.60814023,2.041278
3.3353775,3.0365865
0.78800994,0.7457853
3.3700814,2.7220914
3.2881725,1.9443312
3.1434982,2.0681424
2.784719,1.862722
3.0367239,1.9973385
3.156324,2.0250535
1.8977672,2.843893
2.8121374,2.367474
2.8024292,2.7346861
3.1034715,2.9358099
2.7629564,2.1207376
1.1181197,2.9528685
3.1317391,3.620906
3.2593398,2.0003664
2.3367293,2.977507
2.9934864,2.597348
3.004345,2.1145806
3.1636565,2.105725
2.5701642,2.2766016
2.7971613,2.170964
1.4009538,0.5638484
2.5154335,3.8897085
2.3504343,2.994361
3.3084304,1.7553774
3.1336026,2.8306901
2.652439,1.4105619
3.3363974,1.9699638
3.2871056,1.8300573
2.5766823,2.8343983
3.0060306,4.1976743
3.1700156,4.158748
3.2270277,2.9103916
3.177505,2.4683104
3.097138,2.3349648
3.077515,2.6697767
3.3575125,3.0393858
2.959077,1.7321742
0.6513221,2.826364
3.108768,2.1336606
2.9980187,2.97309
2.6012418,1.5069492
2.1983094,2.5857487
3.3625193,3.0162427
2.8449647,2.117365
1.3779315,2.9961216
2.6185925,3.962043
3.0317426,3.0658333
3.2062666,1.8039595
2.7012708,2.1925235
3.2084167,1.7581899
3.4451709,2.8618147
3.0163383,2.6770415
3.1887376,2.5926468
2.592045,2.5478177
2.9978278,1.743517
3.3440213,2.8096335
3.3364434,2.687903
3.3820486,2.8416526
3.22286,4.7840962
3.2662344,2.9537024
2.9517615,2.6646428
3.135856,2.3507352
3.0065327,4.848905
2.4724221,2.6696243
3.2639337,2.9316895
3.2260635,2.6901505
2.9913816,2.4270964
2.2220936,2.274315
2.9072375,1.9584345
3.207235,2.085622
2.679066,4.895624
2.0952601,0.85577345
3.3677678,3.0981312
2.7937672,1.7744457
3.051266,2.3427627
2.7453902,1.6580964
3.2143807,2.5264707
3.3266506,3.0689504
2.116827,0.6415321
3.2211823,2.5310853
3.1881728,3.0756686
3.153584,2.0957313
2.820846,2.0574033
3.2884536,2.8089871
3.317735,2.9616961
3.3891058,2.8919814
3.2767127,2.6268268
3.0847893,2.1427562
3.033135,2.140794
3.122501,2.6458461
0.866016,1.9171311
-0.2285829,2.8051956
3.2186496,2.8884354
3.3741848,2.8046103
2.8855479,2.3463218
2.8956866,4.66468
2.981697,1.3706471
3.4111416,2.8354127
1.1264545,1.193077
3.1887286,2.7594404
3.0614917,2.017708
3.2586207,3.2324493
3.2834017,3.0322855
2.0847313,0.92936283
3.3617463,3.0610669
3.2120078,2.916228
2.6845598,3.4787912
2.8677375,3.6969244
0.6956502,1.5384262
2.955973,3.9577246
2.5480087,1.5659614
3.2773483,3.154813
3.0441365,4.392951
2.6178367,1.3283224
2.8577209,2.7504983
1.7986114,2.861341
0.049112108,2.9024158
3.307655,1.9327329
0.9701466,2.3566575
3.1572144,1.9091835
0.38105467,2.9626102
2.8015327,2.3509321
3.1315866,2.7233198
3.2135274,2.971518
2.7571564,2.4291122
2.1847954,2.9857314
3.1110556,2.2978137
2.6181853,2.5336044
3.197456,3.1006863
1.0940539,3.012627
3.3381138,2.9968002
3.0004504,3.023712
0.22634408,2.8854458
3.095223,5.0236263
1.5737431,3.0215483
1.9309151,2.826992
3.2879808,1.9918712
2.9465077,2.9209294
1.9546902,0.65080196
3.4090297,2.6183121
2.6862488,2.8388557
3.5425193,2.8204057
3.1445143,2.7883284
1.0490321,0.61655545
3.1602416,4.978023
2.9152036,1.6945685
3.2230585,3.8422892
3.1035979,2.7416208
3.3501072,2.9973052
3.3963032,3.081011
3.2426083,2.814093
2.4887965,4.3454638
2.7979321,1.2865471
3.1981761,2.393172
3.006483,3.2004628
2.269893,1.0344313
0.8945816,2.8124943
0.46943063,2.125965
3.1134272,2.7336514
2.9272351,2.8108299
2.9746835,2.324785
3.3047338,3.1205783
3.277798,3.1177123
0.39038807,2.2016792
2.986803,4.3638406
0.19187437,3.2164187
3.2093997,3.1093154
3.1618803,2.7130125
2.6504283,2.2189453
3.3424559,2.480481
3.15457,2.0080159
1.8969946,2.8328583
3.2326446,1.8673356
3.1939368,3.005036
3.1059725,2.5282388
0.43985024,2.448989
3.1717718,3.3526251
3.1300719,3.046976
3.0266109,1.46571
0.23451158,2.8902764
3.008417,2.1000245
3.3679893,3.103564
1.7440671,1.6222869
2.7132394,1.9724333
3.3656685,3.0329766
3.2443485,2.885259
2.8728046,2.060561
2.8375373,2.158746
2.9863386,2.4395068
3.3253486,3.114799
3.3260753,3.110704
3.0575416,1.9448272
1.1202971,2.891136
0.1913097,2.7907715
2.5911715,1.9461714
2.2975843,2.703754
1.176106,2.8153675
3.351296,2.855748
1.3462477,2.8918357
3.334839,3.045989
2.6994457,2.3324456
3.3933368,3.079811
2.962661,1.7479329
2.66883,2.4313893
2.6823297,2.12632
3.27418,3.3428426
-0.062013898,2.885408
3.0729547,3.383918
3.3747494,3.0723786
3.3040519,3.4138212
2.8086023,2.6736345
1.0390632,1.861668
3.1121244,2.6991768
1.7576619,2.8368385
2.5877159,2.2487032
3.345204,3.1644547
2.2076983,2.7756917
3.2589214,2.9827747
3.233107,3.0674272
1.9719099,2.8257425
0.48747224,0.7469973
2.1920362,2.2625005
3.0460367,2.7341928
3.0885072,2.5266175
2.8421323,2.61363
3.1056476,2.8098204
1.4778069,2.825691
3.2397192,3.21081
0.07429786,1.7446113
3.3499649,3.0046265
3.3202996,3.0506494
2.7433486,1.5269588
3.0139332,2.41305
2.72301,2.3711827
3.2522583,3.272515
1.9817581,2.8543968
3.2295115,1.9942043
2.7439246,2.4171436
2.3973713,1.637902
3.2737927,3.0135672
2.8130558,2.3799357
2.8750806,2.1701264
1.03206,0.64450806
3.3719862,3.0918674
3.124333,3.064463
3.0404708,2.1659918
0.9433648,1.6251297
2.8169174,2.2294586
-0.246304,2.806016
2.0600514,2.521993
2.8162003,2.439383
3.3773265,2.9797506
3.1200483,2.106979
0.2082088,2.8457003
1.6083732,2.8287947
2.972349,2.1956644
1.6304837,2.5394566
0.31959987,0.5972616
2.8265696,2.135601
3.3377485,2.9676197
2.8979044,2.3652713
3.1098752,1.6121061
2.5205152,3.189541
3.2810268,3.111462
1.979383,3.069223
2.1687605,2.5739179
0.13976732,3.340032
3.187872,2.213623
3.0242908,1.846649
3.2787666,3.1466784
3.0249753,3.087176
1.6256013,2.9829624
2.7946177,2.4224818
3.1614683,3.0991373
1.1415513,1.3633003
3.1629417,1.7032698
3.234977,2.8093708
3.1869814,1.9171613
1.8034993,1.4012175
2.7158372,2.1940553
2.2569127,1.69902
1.5291563,1.9757326
3.294961,3.4164758
1.8062258,1.3122958
2.9928892,2.3287537
3.1794016,2.5517762
3.1586087,2.9103487
3.244413,3.040462
2.1497054,1.6251673
3.0491626,2.4097195
2.941094,2.6152241
2.983318,1.888098
1.3665857,0.88913995
0.29521713,2.515172
3.359247,3.0280974
1.7123152,0.6922436
3.3351138,2.9495728
3.172674,3.050045
3.1060886,2.5912857
-0.008124099,2.8527386
2.3495054,2.8920915
2.3234277,3.0278938
3.2875938,3.0071359
2.9346771,2.0986884
0.61325043,0.56554717
3.1106627,2.4262478
3.2090557,2.488388
3.38612,3.0553415
3.2279603,2.5900888
2.5927064,1.8380817
3.0171685,1.8207881
3.3548634,2.99115
3.3215225,2.8631246
3.3627641,3.1005273
3.0526118,2.7921023
1.3751001,0.92539954
0.32193753,0.75766045
3.1844757,3.0446284
2.9666953,2.3834023
1.2704254,2.8602548
3.1050963,1.6963747
3.2450209,2.9524326
0.02464381,2.9183447
1.0205914,2.4895806
0.5774412,2.4606063
0.7755051,2.9800231
1.8475324,0.8061062
3.3292997,3.0660925
3.2165127,1.7563353
3.2237635,3.0337732
-0.06631173,2.7625995
1.2094187,1.4940529
1.2553034,2.91752
2.0063388,2.8536742
3.248415,2.9946141
3.3587506,3.2267323
1.9779418,2.8199353
2.6385953,1.78804
3.175837,2.417854
1.1062212,3.5473323
0.6785443,2.9795384
2.9503608,2.856213
2.571381,2.7533069
0.9331034,2.8528585
0.9322154,1.8092582
2.3716629,1.6458403
-0.045901563,2.9344368
2.2841706,1.8260766
3.3659253,2.985606
3.3847926,3.0032194
2.543843,2.6592333
2.9094589,3.2717419
1.1374327,2.2098413
1.9876572,1.3946652
3.3606665,3.2936845
1.9906863,2.8439052
3.017272,2.1287584
3.0773098,3.1023524
3.1173208,2.8921423
3.383921,2.9699783
2.7670362,2.2347016
2.9290133,2.3237662
2.9974413,2.3454707
3.3305306,3.0673263
2.7822628,4.617799
3.071932,2.3756707
2.7071106,2.37861
1.6262702,1.3756016
2.539842,2.8628597
2.7100902,2.211158
2.679037,1.1847392
3.186203,1.650385
3.156946,3.3009565
3.356304,2.9744277
3.3436527,3.0346043
3.114371,2.4930978
3.1962624,1.8674266
3.335585,2.9208772
2.2195656,2.3562367
2.569804,2.3405504
3.2909825,3.0146208
2.9063196,1.5222247
1.1366903,3.0456192
0.32183492,2.8541913
2.0648324,1.9868346
-0.14493921,2.726784
0.25099045,2.7887096
1.9817894,2.8021545
0.18539816,3.1400554
3.2888284,2.6267831
3.328811,3.0305135
3.3865633,3.1320689
3.3466601,3.1171374
3.3550236,2.9796329
2.503498,1.9309398
3.3324718,2.9467232
3.3281496,3.013109
3.2313447,2.8480268
3.2292778,3.2848415
2.8500378,2.114503
0.06950941,2.9829717
0.33062226,1.1951612
1.348501,2.5607893
1.6550318,2.1077914
0.32235485,2.8511925
2.9526021,2.3712442
3.317058,3.144907
0.24100272,1.8701248
3.3764937,3.096934
3.3026583,3.0671146
1.9748888,2.8213964
1.5779619,2.8547635
3.3559988,2.9991205
2.6119323,1.52792
2.7300127,3.1279294
2.3203773,3.0034416
2.733944,2.3135133
3.3212698,3.0915654
3.3644378,3.120031
1.3104217,1.6126167
3.3510413,3.0181
2.712183,2.3251557
3.363534,3.0166116
1.8592957,2.90103
3.263758,2.870049
2.7773292,2.0130377
3.2117033,2.8199313
2.2803009,2.98526
3.2186136,1.9507682
3.1884606,3.0480878
3.295059,3.374751
2.932306,1.8264904
3.026035,1.6200044
3.3832836,3.0911834
3.4019558,2.959719
0.38370222,2.8148074
3.3708813,2.879863
3.2894144,3.076233
3.3239264,3.0227258
0.840982,0.80166656
3.4145007,2.9609303
2.7645473,1.2847179
3.2141585,3.0212016
2.953264,2.530627
2.575431,2.0703816
3.0914497,3.069016
3.263747,2.8852925
3.2847977,2.5438972
2.8676162,3.0333297
3.2205126,3.4486008
1.0925462,2.8503098
3.3229897,3.055314
3.0660412,2.2436929
2.4488418,1.4993678
3.4009287,2.705474
3.0307395,2.815953
3.3700204,2.9179215
3.157054,3.1164093
3.455671,2.8639982
3.061471,3.2413666
3.1140873,2.2776592
2.5129719,1.9825666
3.0654383,3.3538392
2.0910485,3.0539632
3.2759795,3.2295318
3.0436404,2.312147
3.2457426,2.7852564
0.96927106,1.2792938
3.379621,3.157283
-0.07006432,2.2937589
1.6949589,2.4022412
1.4114293,2.3893862
1.8916072,2.841884
3.1797137,2.573069
1.688744,2.928616
0.015693456,2.8652759
2.9727557,1.7119726
1.0606523,0.6905904
1.248102,1.791456
3.310821,2.1939628
1.7276529,1.3296208
2.718508,2.7917829
1.0853739,1.3617835
3.3744547,2.9359293
1.1639997,2.2799048
2.088177,1.693564
0.32474166,1.0229454
3.2869303,3.1579752
2.11718,2.961669
0.93494713,0.5782427
-0.011232223,2.417049
2.0162241,2.9885056
2.8240395,2.3486428
0.917369,2.1469765
2.3587565,2.2041771
1.6040816,1.9011133
3.2977507,1.8586622
3.3040469,2.2239933
3.012627,2.773535
3.3857737,3.0393858
0.9659113,2.8343523
1.4481171,0.6260216
3.201381,3.1276379
3.1138358,1.8601719
3.202187,2.788662
3.346085,3.1332417
3.3307188,2.9648936
2.2695756,0.7041782
3.3222742,3.234213
2.9113219,2.5420625
2.8127437,2.5087633
0.5527606,1.7107875
2.685064,1.3694936
3.3256984,2.9254472
3.1225488,2.910103
1.6849885,2.789824
-0.10304929,2.8462212
3.2424045,2.9465938
3.3943994,2.96625
0.7909841,0.9780995
3.190652,2.6967003
3.3169267,3.0113466
3.3111665,3.2424378
3.2439299,3.5905118
0.36859995,2.8617656
3.3539603,3.1164756
2.0218697,2.8468254
2.9211142,2.2810051
2.7188892,2.314251
2.7831948,2.1631608
0.85253805,2.8912714
1.2751069,2.6784103
3.3044813,3.03612
1.5490488,1.6895547
3.3321354,3.1059496
2.8218062,2.8327389
3.3263803,3.30095
1.7981511,2.795956
3.1389368,2.0788357
1.8306639,3.2987247
2.0959435,0.7934209
2.7594724,2.397599
3.4704962,2.1793802
2.2202554,2.6967525
3.0731597,2.6891003
0.9313773,1.4594287
0.84904015,2.9279034
0.24817827,3.4063666
3.404649,2.8787878
0.46991727,0.582649
2.17406,0.9941661
0.57583374,1.5408839
3.4038117,2.9796884
2.5262258,2.7739012
0.3264123,2.1799068
3.2558188,3.1239378
3.3484936,2.6811996
3.3118904,3.031038
2.327702,2.7709875
3.0539188,2.925196
3.3663023,2.877249
0.7158541,1.5834675
0.20509264,2.1806116
3.0819414,1.4815525
2.5504413,1.9732026
1.785148,2.8434114
3.2002249,2.3613245
1.599905,1.998693
2.9658697,2.161379
2.3392897,2.4106965
1.9318583,2.8432202
2.7536085,2.1660838
3.3371754,3.056824
1.8469073,1.110949
3.0938938,2.1638079
3.2756865,3.0499706
3.3066494,2.7839174
0.24430928,1.4417627
2.9566126,2.1587968
3.0630388,2.1855707
-0.06583942,2.859585
2.3723817,0.94030994
3.3008714,3.1061094
0.80835867,2.2217853
1.872129,0.87730473
3.0264378,2.0783827
3.408224,2.7907083
0.4861873,1.0566643
3.368386,2.9531
2.7138307,2.261318
-0.09956327,2.0040202
1.8544432,2.8284276
1.1426206,2.7947023
1.6074972,2.8638604
2.7599416,1.3215051
2.0055304,2.8858767
1.9285058,2.8739934
-0.12041274,2.8400996
1.8083174,3.0527332
2.2268019,3.0164008
2.788017,2.3577437
2.4419074,1.8263825
2.7539928,2.1761265
0.736337,2.188605
3.0026212,2.5512228
0.64906204,1.4919708
1.7645186,0.60556716
3.354018,3.0318768
3.380522,3.0170715
3.1875162,3.2129471
3.1752965,2.3085573
3.324107,2.894289
3.3111427,2.8354688
1.159916,1.2773591
3.2699425,3.1514554
-0.014911756,1.2867854
3.2798934,2.9179974
3.1684546,2.0180469
0.21219514,3.485701
3.3063254,2.9766207
3.2822473,3.4561777
3.0323298,2.262958
3.1480315,1.5788642
0.91146296,0.5671345
0.3895974,2.3975189
3.2851558,2.9496264
2.9858217,1.8677304
1.6219915,2.8198743
1.0236994,3.067954
3.1117687,3.3071215
3.2144272,2.054435
0.6607235,2.845882
3.4718394,2.8845093
-0.115477234,2.86414
3.3473737,3.1143155
3.4428983,2.922343
3.197518,3.0189064
0.9019152,2.821741
3.3312361,3.1441312
2.5928385,2.5423024
3.2396853,2.0685904
1.2844715,0.573165
2.8604293,1.9474541
1.9148875,1.8318772
2.848414,2.26995
2.9091246,3.624357
1.6802695,2.8060317
1.0474081,0.87593627
3.1850939,1.8355649
3.3482661,3.082325
1.2621473,1.0892825
3.4774094,2.9121702
1.8570468,2.2291665
3.1528344,2.4474258
3.4414923,2.883538
3.2476773,2.7494526
2.7192416,2.2013505
3.297526,3.1866977
3.0928702,2.5793524
3.394536,2.8642778
3.1719458,3.3208714
2.795035,2.55701
0.3676589,1.5229672
1.3994311,3.486241
2.3800356,1.9533025
0.32545468,2.8663056
0.05077975,2.9568133
0.573027,2.7435474
2.0039988,2.8132954
0.4942221,0.7137868
3.248602,1.8190699
0.25871643,1.5488249
2.9408183,2.1879869
2.976502,2.2220535
2.9987361,2.1565077
3.1352625,2.2407205
1.4190043,1.0673822
2.8736017,3.1255336
3.3722494,2.7960057
1.9947326,1.8467628
2.20053,2.7789724
3.3794894,3.0588431
3.4566345,2.0306442
3.0906327,1.5094501
3.2075102,2.8825595
3.1824148,1.689006
1.39073,1.4822737
1.1719555,0.7098929
3.2596087,2.776543
0.17530856,2.4929786
3.221718,1.7855284
3.5251737,2.1011102
2.529177,2.8995566
2.8085053,1.4365226
0.3226458,3.1349766
3.153003,2.8259385
1.9289106,0.61610687
3.3735652,3.293754
3.1531546,2.813061
3.321757,3.058988
0.52937233,2.8281837
2.9218922,2.0128734
3.3524802,2.8428195
3.3581686,3.0346947
3.0278723,2.0024424
2.7896621,2.3364365
2.8506079,2.5323741
1.8669946,0.6347696
2.198793,2.1906772
3.3004224,2.2378416
3.1362858,2.1150162
2.9706862,2.2555602
2.9297705,1.289651
2.8227258,2.198901
3.2583385,3.0376475
2.9089816,2.4388936
0.4184174,2.8225358
3.3371694,3.390514
3.4395258,2.8751924
3.1703703,2.2425656
2.0070374,2.854403
3.2804756,2.4288366
2.591968,0.9956775
1.2561327,0.7584802
2.780914,2.4793158
3.2143748,1.9291419
0.67543286,2.149316
1.226931,0.9219766
1.0704527,3.1663892
1.3774918,0.6234803
3.3315165,3.2111387
2.8721273,2.2456408
2.8547044,1.3843962
2.0374794,2.8979516
1.1030297,2.9033499
3.4467423,2.9868536
1.171864,0.6880495
3.5040193,2.8180344
1.0600655,2.7996798
3.4118958,2.0565593
3.2143636,3.0003827
2.8042052,2.34946
3.5151756,2.9426286
3.4185452,2.423147
3.364805,3.1941757
-0.1331739,2.6506534
3.5383837,2.2048385
3.2149491,2.6224554
0.22462271,0.6309279
3.118758,3.0461495
2.006333,2.9584932
2.393452,1.9745922
2.7617378,2.1672652
3.178219,2.1261263
1.3662187,1.8498926
3.3099306,4.232643
3.4012787,2.8058724
2.0046113,1.6382877
3.3781219,2.9871583
2.3320029,1.2226985
1.0292767,3.2657013
3.239017,1.9735941
2.8504412,2.574195
3.3622463,2.448176
2.8514714,2.792914
1.2351148,2.8575706
0.73648727,2.8134928
-0.3295377,0.5684245
3.2855148,3.0511327
3.3927972,3.0392265
2.7016735,2.2391882
3.3819788,2.9406087
3.2376442,1.9389806
2.7097433,2.3014657
3.445397,2.3737848
3.4926517,2.8202305
2.7791438,2.5526915
3.232303,2.902467
3.3911204,2.8460174
2.40659,2.445768
1.8883238,2.8649547
0.9418853,2.8715105
3.566574,2.7618213
3.5945606,2.1438725
3.4044487,2.1014726
3.3297017,3.3126743
2.674096,2.5150762
3.3707645,2.0386765
2.6805367,2.6109414
0.17873974,2.8406358
3.3771415,2.8692944
3.4129682,2.993916
1.9624866,2.8479297
3.1514852,2.6204195
2.907535,3.584539
2.3465028,2.3227606
1.0391552,2.8970459
2.306496,1.8830932
0.54026645,0.5852256
-0.08880513,2.1144798
2.7415316,2.1539917
1.2558701,0.53154093
3.0142674,3.3689563
3.2910764,2.472188
0.3451281,2.8789985
3.3160832,3.0261683
3.3935285,2.0152042
3.4918962,2.941375
3.40092,2.6272244
-0.024112852,2.977477
3.2598636,3.062119
3.326715,2.8424835
3.0544724,2.6185694
3.2393064,2.9948812
0.21656999,2.1369357
1.9452786,2.8791301
3.0218573,1.9715494
2.7081935,2.3531158
2.2683618,1.5532695
2.7753108,2.600705
1.985784,2.8570335
1.3475566,2.8236945
1.2456889,2.811538
2.7011728,2.2878034
3.5143287,2.7995563
2.7411335,2.1638007
3.5189533,2.816349
3.3850205,1.9939295
2.9622927,2.3401837
3.430818,2.8757396
2.3996391,2.8805923
3.4510777,2.8072314
2.7183444,2.2696698
-0.051573392,1.814658
3.1163523,1.8431419
0.9820848,1.2130395
3.223956,1.6233656
0.21096814,1.0753187
2.2336185,2.9190528
3.2980604,2.4608455
0.4973361,0.59894776
-0.24571131,2.838577
3.4341946,2.9527516
2.7436523,2.0246494
2.4973757,1.5923973
3.3806849,3.0004182
1.5448449,2.7821274
2.7630026,2.2815573
1.9844928,2.8658276
3.4689143,1.8010694
1.1621464,1.1291804
1.8994989,0.6479456
2.5955572,2.129569
0.70605165,2.9922433
2.1768725,2.0345747
3.3450131,3.1271026
1.1187594,2.798828
3.5935771,2.7892246
3.3970518,2.5335069
2.4926548,2.2446496
3.2802887,2.9628372
3.161638,3.298861
0.1060085,0.7613833
2.70131,1.8957791
1.394726,0.97559184
0.7670469,1.2623532
0.75269043,0.65917194
2.7276838,2.2717338
3.348723,2.9918554
0.13558798,0.9509007
2.5200746,1.897213
2.2078044,2.8722506
1.8221147,2.8818097
0.07265358,2.859096
2.755092,3.1740553
2.737317,2.421496
3.4750824,2.860646
2.7432861,2.1959248
0.4592735,1.2363569
-0.24387765,2.8142848
0.38555068,0.57464653
0.27601987,0.56537294
3.348325,3.0954738
3.2063093,1.5612762
2.8778858,2.4370725
3.4943023,2.8268237
2.5273113,2.167797
2.2000902,2.9784727
1.9231852,2.8509328
2.2452314,2.677538
2.4576602,1.795147
3.3943021,3.0122285
3.2284093,2.6057363
1.598384,1.042513
2.7567248,2.3160133
