0.6758532772257373,-2.733065407433225,0.19488048436279115,0.5514785322357572,-1.9613375256171066
1.6364339750667907,-1.423768720071442,2.1497974703620253,-0.16980549996038796,2.980816952048266
4.021269401644637,-2.6624029333555415,-0.534202506630284,3.6109971370796954,-0.36074937494867054
4.81017566044959,1.5866094042465262,2.735142052623318,-1.6901422024512467,3.982286464274929
1.9827637086437504,-2.4738882601456673,4.82967533162199,0.5619929180392864,1.338627465101581
1.1129756719877422,-1.1649802685019508,1.0605732332029847,0.2729911600547821,-0.9456936356472214
1.9264205871358444,-0.06492245983632872,4.523228933159839,3.1501103134101704,5.290608728812036
0.5060920659366929,-1.075400569006885,3.997658878913307,-1.007060301610741,0.18283016956791087
0.9787562710137323,-1.3999561635472413,0.3882837995104236,-2.4329172467991365,0.6837613682494981
0.6009951123592285,1.8722472690588132,-2.3622295112911713,-2.682291874961992,4.879516077700895
0.07834290055791086,-2.966880401270098,2.3989680297159,-2.6145219705877345,-0.22536341245927538
1.196187249206501,-2.095375416393114,2.9391436477148654,-1.487833644123227,2.9831324753534387
0.05617525971355521,-0.6921337437543107,0.6451152298860396,2.1299577983135976,1.6835338390018748
1.596114407277832,-1.398936689708925,0.5352627128548901,1.423518830188276,0.39774607804446127
3.4080846149505417,-1.6381725290481493,-1.322202750701945,-1.066487546466429,3.3639839510476675
3.9472398704509795,-2.9727756671832375,-2.8583944506969656,0.637231172183748,0.9838713758475217
2.9027723664442573,-0.031642773439803484,2.6932911776577617,3.131188050415421,3.7148956673864397
0.8086536290670319,1.4431901365759945,-1.747412398141556,-0.3928761646994712,5.278017390545817
2.8749804867676274,-0.4725088308296632,1.9909599665715314,-1.4646924325938802,-1.1303335702555684
0.029609964646938696,-1.7101396417568728,1.928680966079459,2.7552429555073674,-0.22722917542222287
4.541153500799021,-0.8650906139620878,-1.1093862946335742,2.3299703879895137,2.1499239208528573
1.455560823292337,1.7346845860379938,0.4108391765739947,-0.16058125073680074,4.010512695262747
0.5663459326279083,-0.6885535620464065,-0.08005487453694293,-0.3980797125842104,3.7760237376643335
4.860883387068127,-2.344070237679668,3.4921754334625996,4.51577139490016,-1.7608207077584481
3.9185616601820104,-1.9788010840033312,-2.8167465724798983,4.789500135382616,0.9636580174787301
4.662673890031465,0.8392677945737379,2.1563807042319683,0.27098338013369894,4.3406663050533405
4.803121582027208,-0.9027559008749009,4.707290321171943,1.3389897203666585,1.4891626634041346
2.572020281542183,0.5735958367800449,-1.5736440702641392,-1.7496307334224417,5.704236712112129
3.75373713974068,-2.6435566855275257,0.8653585490005433,1.6511289824914552,4.782725337967786
3.9926191473494894,-0.34938836996878386,2.062697866127607,2.37038900210017,1.143828397841948
2.436941095750951,-0.43155704253241955,-0.4137694031175272,2.138913809229863,1.8215032781374259
2.622689485985127,-2.1121023207779137,4.13406791767428,-0.8794982082306486,-1.7175733702203324
1.9862756454158308,-1.4836116103891601,-0.3817301590200133,-0.7400565154219372,1.8207708379827787
2.3728458317247205,0.5680929982625478,-0.8877415192000404,-1.8964686687039611,4.777450332621813
4.311373558951101,-1.652317896945375,-1.4943020758438355,-2.1663765684112226,-1.4980696176627948
4.457449619975931,-0.3478218175186898,-1.2202493140986617,-1.2567914837017504,4.292294752032822
4.343320915479028,0.25229604432465,1.1006882272746799,1.5894090186239334,3.1676506652391154
4.721682544343352,-1.9093563726716836,0.5854829605121985,-2.802385534787862,-0.11169445820245905
2.8831898645357867,-0.19035246260841987,-2.5976866240536554,2.5854080563033994,3.6762147201984714
2.847533692565554,1.6734558219353293,2.74633398255874,-1.6414539915247666,4.634748076203916
2.3833569479231893,-1.7052573244522509,4.470670824878439,-2.1256572203891455,5.011687024823541
4.854868659674333,0.1582769680015894,1.5899770682352568,-2.1328545851030167,3.3597975170344885
2.040697487745921,-0.11874780849145283,1.8452271912123823,-1.998917784600681,4.387075147949106
2.384167468229958,-1.3631342885516406,0.5672588407377441,4.423879975123752,4.719722614894546
0.6753931414172475,0.6485267275742412,2.6074032340245674,4.487387885522026,5.662116834670335
1.625643560958807,-1.8377805590398224,2.733167668547374,1.1242030146559845,1.656448037569879
4.600238586795038,0.2919491332665265,0.12556462873570862,-2.6155879277749436,2.8708995134085544
1.2793551079950405,0.30923905631556625,-0.06722818550205023,-1.374508793898812,1.2768060974660438
1.9345631220531805,-1.5706558577787129,0.9374586966241942,4.890516643652545,0.010742424807435924
4.5739492990059745,-0.8817941151662252,2.223311776067071,1.7972491399411377,-1.236416974267108
4.718662172663828,1.4041413564322625,4.424451279770909,4.84711313873634,4.92028655346614
2.755529838717754,-2.9294883534319527,1.4133675997079074,-1.4691982021622882,5.297685881204137
0.6014408463171812,1.3801304027103178,4.899905123393566,-0.9753598353533715,5.015525040657551
0.7436451662506027,-1.1456589336620473,-2.770276072669823,-1.2196988774226662,4.3522575976080216
1.0380276177716223,-1.9174591646914783,4.43511973238191,-2.0370964403832925,4.575397348577854
0.11926161124568163,1.2596519057789415,3.131254830598132,0.6800021105823415,4.711700874238806
4.338246752076789,1.9365814062889735,0.08275411301267876,-0.30974519527057076,5.8044609750998255
0.9145272904594367,1.8195094208444091,3.4174244290496025,-0.37243177303414665,3.5271134945582565
1.1574363146877928,-2.1539940086580254,2.492864519077954,3.3206642977665357,5.0230712668422814
1.8457773523364243,-1.3897522073909365,-1.4658552877581963,4.365747422492003,3.704266035262812
1.538956572071123,1.872545022019171,4.167686689755853,-1.4475170269684758,5.568596037500428
2.965503231530627,-2.7764436221205795,2.9145871404219204,1.034862244438174,3.7032669549620003
4.720577624812223,1.548700897533478,-0.8812942374695956,4.718844042212864,3.7621806345391198
0.7265337490907955,1.4955709150753869,4.432952789240224,0.69511015001813,4.471203926462939
2.396661924479577,-0.9574677126727327,-2.2977051096074836,1.0035624303827966,5.262248563922589
0.022186988626283353,-2.634419067326243,2.47637204669193,-2.6980576409845707,4.4770306261000705
1.3071514954106132,-1.6350324433343695,-1.6866057624172006,1.7500782906383892,4.598646133644031
1.9504915025150935,-1.5145316175877248,1.2101466528166744,1.867528705515543,3.9662275306619668
3.3558617713589594,-2.521813051449789,-2.8206733090404494,3.44827503889198,3.577861362344465
4.8583008619812995,-1.8600647721582315,-0.7124245280393495,1.5164245630898447,5.304472923292967
3.2294663062785247,-0.26690446403837687,1.9308172493729403,-2.5703150381916835,5.739114124580212
0.5364996541789321,0.5479735976175313,3.828711050184359,4.665370712957802,5.061176420158192
4.7745921640428275,-2.563421814369895,1.9178575272616722,0.3202601703057164,4.767546947199965
0.020172828294423118,-2.3785782488160376,4.989673556426987,1.68127290956863,4.008137008369511
0.3661379209556777,-1.6040085907498365,-1.892959020078834,-0.053388854232023775,2.7411491508759953
4.294797696937411,1.2875587253991254,3.621940051007405,-1.987296013448323,5.755120845906328
1.31640615160204,-0.6671122951699333,1.9618162990951724,-1.3399146534100526,3.9244556834397413
1.7951355850628226,-1.6093086153311327,1.1502107479921229,-0.8385537467989694,4.737024325455567
1.2174777739492588,-2.1852110516471783,0.115015425568612,3.449855214742371,3.0571284652887565
1.7459429622252596,-0.5600579523809941,-0.015320891395157687,3.6621781868167993,3.721111550223572
2.7400078521568205,1.8130547409347333,4.22519774143008,1.4898341358742613,5.864154386259127
1.2534131986761352,0.16415937552795912,0.1989434657739384,1.2826750142426455,5.783470059016431
2.696636103558109,-2.3301240232224,-0.6988969974040105,2.3385941823202074,3.9829289874827847
3.731790588216015,1.3920604074891019,-1.827480022928654,0.8792809912985291,4.615571234771053
3.71156090463157,1.3854275326084764,2.626175327548653,1.7083021471216568,5.47009130827534
4.444987064076934,0.5291509641805492,4.881502586515983,-1.1222794159031846,3.5291364999445403
4.3188614878194835,1.8101238556939414,-0.8572758877036906,1.0504884689621328,4.842277244846193
3.4566569137660497,-0.9776470067479526,3.877859106645439,2.7771497666423306,4.3560315211486875
0.959363754577667,-1.4530522300266322,1.1320260022076205,4.69907092151611,5.44637929276106
1.4666895967140776,1.3332227856058019,4.999043640705415,-0.5092696925014959,4.357682388523505
2.1007139570821867,1.8116003929389155,3.1902303381257475,-1.4725655198909449,4.432133526691151
3.0112460547576827,1.9251241408243498,3.4451461325839903,4.707226247632147,4.114927119818949
1.094119622254481,1.796501539177033,-0.07553893062389072,1.0472083669046937,3.848924600877778
4.480176339656113,1.6277173303936818,-1.6917292511049968,0.12395117285404922,3.7451016387442264
3.650326809441467,-2.500588724162477,0.736785983083105,0.7156041353552345,4.0926592324207265
0.28135380321577164,1.898119239437639,-0.9623932775746047,2.472024378328192,4.861500479473551
4.926976211695895,1.4853802149194806,-2.812860085915645,-2.9782199669650025,4.248663025419597
0.663980477505537,1.881934341587181,3.8412552120091297,-0.6690631632254345,4.097108518137814
1.2290229439006894,-2.9055969656891256,0.3754843932337364,2.488109811092813,4.3912716006955845
4.787880890236937,1.786189369526463,1.9562754847647188,2.7673690546915495,4.572823104821694
1.3093082209414602,0.09835954947149124,-0.05185872033661424,-1.4017471526424299,1.264263402674763
1.2684680517234894,0.27863523423148306,-0.06529669643289633,-1.5835388060055817,1.24756454374312
3.0310612797664724,-0.5509874879271278,2.193810831560371,-1.4339520586028534,-1.1513877927254428
4.077821455237861,-0.44435267701974157,2.4031074275742195,2.197137355642024,1.2052665766452635
1.0504718606117573,-1.7564224692090729,2.2056719536378377,-1.0301813100888908,-0.07417271868169402
2.6794677181371673,-1.7141218382104786,2.076578338794719,-0.059924892681012004,-1.1742490067978553
2.6243510621374773,-1.7526008426297435,0.7812430379314864,3.091199715002289,-0.1156965176928121
3.831453764104534,-1.5809210763273205,0.4494948318379002,-1.5554026030364942,-0.7410162875541679
1.2314509011097352,-1.4829809175417774,1.8065130934935323,1.7588890688102696,-0.20469303322862417
3.4629679972742853,-1.9308419465128075,-0.7139783917443862,3.1238447102380476,0.4617735846713455
1.0144243711092775,-1.2091574349276857,2.196331137064132,-0.5801030667722819,0.6485993938059049
1.2792873671141456,-1.5020077409190034,1.4935653442454664,3.182985268504029,0.29427593867106516
2.8504959867171626,-0.7765189929046329,1.9918477543793918,-1.3038953752681182,-0.6418493577240175
1.2345160793261993,-1.891697465014618,2.5974455965389254,-1.1566579254325222,-0.9224711779501265
3.598987193894679,-1.609935754432819,0.5458369852714249,-1.3882639508066879,0.08523281640590995
1.3088969067253011,0.2698032622686297,0.046291202673887276,-1.2353066101515733,0.7903577265446046
3.9237971931482227,-1.4856308381368506,1.0778983984948605,1.5874255703532578,-0.504577314252244
3.0197025442773153,-0.9277021296486956,1.080681136468275,1.008387302092295,0.7395618735036683
3.935138009067419,-1.9838123293562082,2.1441429450565304,3.098994463007383,-1.1323686095889287
1.4358249288224214,-0.46249810997144636,0.4274973014931431,-1.200617257130826,0.1760588663389358
1.4117657795403382,-0.18457957741792838,0.7071272268461664,-1.2578277445699098,0.7603008791658051
3.972157380209732,-0.7812016397160786,2.178887123300033,2.3061943519469597,0.21902095899060783
1.2632812751677793,-0.42973332969356437,0.0795514929426055,-0.8503266165842931,0.677578069602948
3.974626861413982,-1.625138553436496,1.1720822785096545,3.4436263940962513,-0.14878306703007896
0.9139724633443477,-2.6813671903067426,0.9342321535941824,0.5808382879188786,-1.170140586449379
1.282444781977929,-0.2267360922019283,0.24949854332824678,-1.3180040468232814,0.6617465813404338
1.116535243723484,0.20946885558202408,0.38994972295549224,-0.901014301419285,1.1018495438576597
1.2336637402723145,0.007381532322101567,0.8184703156221916,-0.18759717154006017,0.2799771604302623
1.447152631970958,0.2521164614756946,0.36985470623492506,-0.08884092784254702,0.7998314503422644
1.6543566183377272,-0.35285057895809796,0.6579792298014397,0.21143822374622892,-0.15420599013223948
1.375904209939965,-0.30870209773254753,1.2916515667131692,1.007366447982915,0.5512078900476761
3.7659204588730724,-1.1706702929578336,2.832666117401089,1.3912980886974524,-0.6497780987483934
0.1390765124098357,-1.6748666526125715,2.4050520384201852,0.4266143682290139,-0.23584269413708517
3.7688776713065053,-1.9681951405563347,-0.9258325109238453,0.8953438171972655,-0.13084140755786203
3.046096248874506,-0.24965742861548423,1.6543168534445591,0.7212357191016605,-0.22591273138471987
2.940211165423495,-0.2934470228085788,1.6433288004470794,0.12305230744360547,-1.0036829526948035
3.15797399271606,-0.49734739147213786,1.8266045662194075,2.446356364995487,-0.4573009889783631
2.98504088323467,-0.12661110024504887,0.9721846325481834,2.558201191530448,0.25347304795209075
3.0393940940381525,-0.3007317604883387,0.6229032720177096,1.5123846688035179,-0.27636893216635866
2.6165337315868507,-0.17719765241638094,-0.09564506839904278,2.0297733050012705,0.6756653076175785
2.5875682660204897,-0.08068543756638534,0.8789473025127614,1.220826256494818,0.24328187786099417
2.3406116283119833,-0.29173540882434207,0.5880382667523133,2.7536518727645705,-0.005562190892701071
2.4996483982121056,-0.24657505215866607,0.9043557486572248,2.6552201406090963,0.8896813307590793
2.5850139602726316,-0.38974997601191647,1.6965797142458767,2.022510614881234,0.05341924770638302
2.291453137233409,-0.1991124938290071,-0.25632080403698326,0.13946715119862885,0.3499060201151108
2.429052380364064,-0.35823183505880885,2.928902770521878,-0.06406928974875982,-0.9179535126064051
2.4683919672853154,-0.43351432099239745,2.417402735036712,-0.43071739450237206,-1.6480726070923672
2.3230590035944614,-0.076787426702085,2.1023857431909128,-0.33704802082163643,-0.33333790861426665
2.6868899904732775,-0.21280847431129007,2.9839286248400922,0.11404433344278381,0.19703145600760497
2.933341197292868,0.20370401348557965,2.3119709349805277,1.0631078173651887,0.6948878898933943
2.785914334511574,0.17889632483784765,2.611966697319925,0.8858078287448796,-0.24263351143259582
2.8490440852712906,0.25075517175126105,1.9465895041935937,-0.5386311329671464,0.31216847108548107
2.6098324599653187,0.19305046955937039,2.2484411827265567,-0.3861156429708075,1.0434002906666966
2.6616312481361177,0.1064074863752703,2.0447535256891243,0.3406188726492306,0.3423015064516305
2.8086595576987206,0.18415232829404998,2.6026026884223192,-1.1406683942240914,-0.29982212434788064
3.316411632003808,0.19062761480911297,2.5222127240314327,-0.15528879320836392,0.4774398912140635
3.449081787527005,0.3170496890757956,1.5539170556794861,-0.049067385032364505,0.8353936038957931
3.534618979249256,0.3496178949235263,2.146877631401201,0.9619303733748872,0.22811890485486372
3.443621257861957,0.19642007992923588,2.6350173809796416,0.10626600767198298,1.414885738408134
3.4422678047282607,0.12957701558173143,3.3873037106005897,0.716819638890159,0.7912953170855094
3.2100648797886606,0.15052153116010372,2.4850149707735425,0.4080032605156993,0.6469027737484312
3.4788745145304647,0.33120096918293057,2.6952695692587456,-1.4173074816623188,0.8398584731671576
3.6187189378897298,0.18459091748334883,1.6891050168787358,-1.199526660642077,-0.019782943167348292
4.031165352717474,0.06537415832138468,2.8258108807260123,-0.5094254993817507,0.07719121330810415
0.8761712768985823,0.9045151196815515,3.912301296600682,0.4546082905186557,2.7300744588442014
3.346854120906442,0.2963208466299365,2.4750296133638274,0.39655071640950673,2.252521788699143
2.7382629975514923,0.30975548705362277,0.2014006873635389,-0.5401703472478274,1.4522664265904015
4.686392646239683,-0.11511947872514856,1.1562246316403635,-0.22011141023976594,0.30968741902460295
4.535997900353965,0.18313814386626176,2.40118622078175,-0.06437755407625967,0.905491355735441
4.030950485430506,-0.17121635177326613,1.8749667759639235,-1.6601615943708536,0.5401942612945037
4.271842015648803,-0.16311435118976914,-0.05470893570216784,-1.9013100669113214,-0.15243931335201208
2.8090167739353475,-0.06516906587940108,0.8562403131655674,-2.725236755338423,0.03012788085566902
3.7811820055797822,-0.04253561676797425,0.1971161516402123,-2.132254062952589,0.6605436698978988
4.083855047985338,0.2588103337738095,-0.03728050964937079,1.2699572147403355,0.38641690097137227
3.339190336321237,0.5007797942718831,0.1783559497313589,-0.7759643439090087,0.17441936455848037
3.7137302408706994,0.34655142553167045,-1.2098554071453718,-0.05601509067720586,0.7477298147380687
4.741722710290171,0.3198675486867265,-0.043547864740096594,-0.15500296110818518,0.9800345877232247
3.6385245926482113,0.29952682757950855,2.64678469362665,0.816594730032769,3.5979228973601063
0.9375636811934084,-0.18143187075558334,1.8470309233511948,-2.745056659713468,-0.2703054523157539
2.0288297611333888,-0.1705724972293734,2.663458101343539,-2.719300467525159,0.26472475545891955
3.4089527884790454,0.6588566653605248,-0.1177117747402109,0.6455003736107829,0.833355658334469
1.238344645452451,-0.17718189370485316,3.435039861534692,-1.4725675346233869,-0.41213007362354215
1.4498894567013554,0.6132944084006804,2.886199613458651,-0.4207023915627353,0.29285270694285626
1.798547464665479,0.6872398571132006,1.4938855152374242,-1.7119564655919537,0.1376494839889575
0.3341141434752613,0.4595684473204603,1.9219375294065921,-1.5347103395388777,0.15797193814046823
0.922844013900986,0.6084460309312162,1.627884668478345,-0.39176365022978105,-0.3274732654128068
1.9114763475609042,0.39707435903525695,0.8804871399247194,-2.0066559362786456,-0.49273843623276803
2.9861025822620455,0.226521490324501,-0.5560763596601228,-1.4740143285727234,-0.8636096999397194
3.631412941666251,0.3480959054810322,0.7916908894185778,-2.269486751807217,-0.7491412802818035
0.39581282588974426,0.2876566907676791,0.3580504411545091,-1.6983828348343157,-0.26578198869037584
0.21844138613419067,0.7403958380369727,0.9178287915148436,-0.370305344038304,0.5221149595613324
1.2469371623117993,0.7884759981965184,-0.4331323051366087,0.1747271241869149,0.1113523885607288
2.257635495298819,0.5941881567246057,0.19808959895475634,-0.3423591273782106,-0.44686332543351026
1.6447708924100577,-0.047339841755606814,0.6303551686720134,-2.016920787264422,-1.3257438429972042
2.0141501325148568,0.9322663895181009,1.3233799744221963,0.06372685534263788,0.49107373474633553
0.5459660425902984,0.47795516841336216,0.34533896342782033,2.3300323175771487,0.42982823317693614
0.7984602251872949,0.4854373505706809,-0.7288536004842519,1.4842862137053663,0.9347436294567907
1.776598686708777,0.4542986066467045,-0.4630769542104681,2.3458725758826775,0.17800365926351558
0.08875460344020762,0.43890263346270314,1.9861082193687782,1.9460208799772887,0.25967992685290503
0.8605128124074263,0.6319384419747912,2.1155333759149038,1.9524210790501384,1.1081176155382229
2.010731829786669,0.5894202410072424,-1.690103854577377,-0.17819431251065884,0.8341854901336154
1.472374957131735,0.620870907973476,1.8646810521440975,3.146450792351724,0.31066505290369195
3.0293619728340415,0.5396530886683973,-1.7683464652106158,0.8897452645514484,0.0481654624002808
3.01958176947166,0.29544530872975716,-2.051806201362017,2.170243149471914,0.7890939532493083
4.353126950532945,0.11808316505643947,-1.8300126952091766,2.5220243336387482,0.35591606488411726
3.208647299505599,0.16026698267680883,-1.225950293961123,3.7668785554219513,0.1024548731719242
4.463506803599691,0.20565800544709595,-0.9794148133990339,1.2317437479145374,-0.6232527988551093
2.763052262879355,0.21285102284138732,-0.5734914309171547,0.973078276951997,-1.339846807296281
1.6729338731450465,0.09240026413549682,-2.1701585532904177,2.0407932506265696,0.3949495180168073
2.496836799699424,0.1178218535505936,-1.6468404287155132,1.7516133543768182,-0.6155812841892679
3.2448236532262196,-0.47181001975688774,-2.5356307873223085,2.6417749959255383,0.13333628290351485
2.4685673070602663,0.22266228300410995,0.6861752660502489,-1.1584319598684827,3.9963133584069066
2.1960493725801475,0.513943203574862,3.685502989992315,0.6615106942110899,1.4573831729846571
2.356013978487849,-2.248524488641362,-0.6866239415187902,-0.6704737025776975,-1.495518763742866
0.7707045769441176,0.2292050135704286,0.6860982455681545,2.8717962266324597,-0.36001417601784147
3.4185526580931005,0.3575412303632251,-0.006156176223710124,2.5456666914696675,-0.7721799244053479
1.2443466935926206,0.23624720356015058,3.7962088521407336,2.1822974973813993,0.6529992668707117
0.9015263513336133,-0.1535048713963237,3.6257661647937596,2.4756466905928054,-0.19089185289171118
1.8805391767577586,0.11756181356178516,4.7061194258649115,-0.2701382102236767,0.5839821832247045
4.874956748005094,0.07535089458316752,-2.1099650664684306,-0.04352567716980999,0.04744061922219792
2.122607206913235,0.21528570881171522,4.681626509500146,1.2659850929337368,-0.08837737367515938
4.983912017645435,0.45172597485562416,0.7859775306796428,0.6097438443563761,-0.4744073414130062
0.3108340446293467,0.26515239969179866,4.003179975955384,0.7670023468015318,0.19148387232653974
3.44503947380314,0.10723966447203334,-3.0,0.4929867924048975,0.7503262629229344
2.3171234164792307,0.11431113321809658,-2.2288576149298103,0.7782246314035438,1.3297937317946562
4.86347373761071,0.37540129678755313,-2.744623682615548,0.9185231917132993,0.8391596822805648
4.032130113134628,0.27059045714625946,-3.0,1.417256080144596,0.2725934481254431
2.3965515881004733,0.16685852405364207,-2.75989395539616,-1.4159419344987663,0.1463201485859722
3.7971565104672638,-0.5226912265638122,-2.408057893414659,-1.7993253611229283,0.31607067109394316
3.5609371915788235,-0.1463990909780905,-2.745391034753281,-0.7404602811027381,-0.743686869095248
1.1987634872561153,-0.30780076411551577,-1.618433954445021,-1.742863686201341,-0.7364349428564603
2.2519030174585,0.7489977695281556,-0.9660891813847208,-2.955949694366589,0.2279311131220073
0.5242642482676922,0.659126152980529,-1.971939959614888,-1.4769415607492173,0.26529225565936065
0.31639609578294126,0.4760911602099005,-1.8666976912029523,1.1630928212456761,-0.3937184637657234
1.1013720095830144,-0.8357613750638365,-2.0982683283265393,-0.1354933153174511,0.02156834971584625
1.7606036123267816,0.6828770393030303,-2.4964434487172427,-0.796820083712633,-0.5059882748626443
0.7779959217374787,0.5512416245138712,-0.9076327944643946,-0.28564004577588703,-1.0435974524979226
3.6921004306638654,0.7005725157826272,-1.9611124830575066,-1.8372665703619175,-0.21915994916576229
1.0503211403801525,0.3488522534427659,1.2519331013955983,-1.2080281574224383,0.044220665056453105
0.7811921819281202,0.8561818148742616,0.8117369382455416,-3.0,0.10726433667774471
1.2275876577452036,-0.29310598448054376,-1.2083103807169229,4.465778262509313,-0.2042430888803561
1.7870565505353333,-1.8800718166773094,4.306640421509974,2.627638513562434,-0.6384661535650262
1.5555187711492233,-0.043617418034845104,-1.2377502282760426,4.196978155667881,0.6770417428244615
3.2917020646217616,-0.25553219752761835,4.313320572963339,2.1827256518945135,-1.3472800860077423
1.8627366465675352,0.0393200302499591,2.458281832165454,3.697781305521449,-1.253363765819971
2.7410370811898574,-1.9975077835853063,3.177163682687835,2.9098112030810057,-1.7907804477839235
1.3922520785964037,0.7103196344905887,-0.7896819613228911,-2.362321078071658,-0.5001970752932765
4.511418771813731,0.03831486452151664,-1.44903414849056,2.379240979404704,1.0938537124447485
2.9614310006125923,0.09513152914723895,3.675093240451653,4.353804741213854,-0.506982272985975
2.8726587608742666,0.8729463961679322,-2.044918353292575,-2.76227040464185,0.8938175118154603
0.012381817813437779,0.20470710489542318,2.1441147256038957,-0.616314266390153,-1.2827613705318184
0.5253325296760533,0.4783116820261833,2.36136899230647,-3.0,-0.8728275366128964
2.025127431409961,0.6228662435395753,2.4098524913113573,-3.0,-0.25033082015741054
1.290668024187859,0.48275830629955063,1.5844104482561976,-1.1994301980409658,-1.1148988881001534
0.7882705003430445,0.03259739421138227,4.158431490085243,0.7590457232738891,-1.2672138409221025
0.9521173521688172,0.09163860519680155,3.187044994601089,-2.2400058311079674,-1.592741764940988
0.4483199395926397,-0.0896420570403012,2.4998778214429684,5.0,-0.4819630462111157
0.3615087294075371,0.6911008757277594,-3.0,1.5402616692236597,0.2790144203100135
2.0459834204056997,-0.044104756165566195,3.1118771425354574,5.0,0.31429565021501543
4.930379177247981,0.22605622361299568,2.1918714142965223,3.9772483180864433,-0.55270703116216
0.545180401560303,0.711547400366094,2.5523212477819746,-2.7345602453703264,0.8496527590120067
0.3842586158754171,0.5060013584020907,4.001388994415042,-2.815727420337054,0.4468493805150697
1.2864267343562117,0.9782811731983498,3.7766082980160958,-1.5371941709408012,0.8457719484333598
4.874306938915895,-0.1492674073274545,0.1223540101751,5.0,-0.1795303577202996
1.9287516754757086,1.0816982007037446,-3.0,-0.18775297950656317,0.4549010975670834
5.0,0.4299148307886949,1.289664094214346,3.881577996340585,0.40386810921347954
2.5757483974985833,0.9038615717835884,0.948195883771307,-2.9823279945104653,0.7216457824375472
4.856567552154032,0.4852935398369394,4.0612388030184094,3.0713248070145696,0.08718043045342447
4.684363386029759,0.466616860071922,4.191018786945777,1.757138628041189,-0.6647738796900294
3.0665385956290705,0.4580167539170283,5.0,3.862327974491623,0.4188499388989843
3.885936485662314,0.7003453912929685,4.794661632742882,0.7994933457472722,0.2829364992933316
3.7075250910557296,0.9810283865764938,3.4993084106772634,3.7690887320364697,0.43620747607883936
3.603647902147877,0.8159545930374059,5.0,3.587841686810946,-0.23074253997811645
5.0,0.8161070462819624,2.733227049388511,1.9860574941281395,-0.02050745199756396
0.4237784558677929,0.7289858949123591,5.0,2.9154795824281714,0.7176921018394933
2.3400773872141714,1.0733131764213941,5.0,1.9721617697685117,0.7460961751218534
0.3719644198994673,0.4624961561874691,4.67496074315468,4.994408037709902,0.13773684238638773
3.6529898959832976,0.6351157445621632,2.6890928477284333,2.8097702096703716,-0.9905223833141962
1.2587559964003108,0.5283591348519208,4.296965930628166,4.557323626687411,1.0766920105385442
1.1310660595772295,-0.5214059535476053,5.0,4.210869190950583,0.5148840833176719
1.187587476077775,0.36961595368388794,2.241748157235867,-2.44001760133426,-0.13600098118488002
3.6615932494432917,0.0853873635676299,2.2521922249265875,-0.8935855911657954,0.48222973603996666
3.4834428227722554,0.02875282478828105,0.5010995916372374,-1.8815713957246838,-0.07752371365301741
0.5443653475185287,0.31617462988804357,1.4044473905152275,1.981761300705119,0.522737000154138
2.1039071355089187,0.30959821243105984,0.5116325742593999,-0.32518101341907574,0.24486564854254894
0.6044489001792683,0.5971423530309403,2.90800843282935,-2.1490599514454267,0.38773061155983785
1.1787490454793508,0.369406634849995,1.2675936403524093,-2.173738596248227,-0.19887297081955158
1.9969702666840876,0.5273179500075732,-2.370566070686506,-0.5951499506104472,0.15732924390294334
1.0921276425964803,0.3078805787105119,2.0806106842952445,-1.2276403248762005,-0.3647178366604692
2.0511957429612444,0.25502451209300175,1.7669162481673277,-2.378585008463023,-0.0436645431636249
0.4632415789894352,0.2810138253289348,0.4430321224181343,1.5610134043189108,0.39749714935967867
2.7055112074920995,0.1383654145362596,-1.845856484332407,1.761638274524498,0.236584401444382
3.865674078324189,0.28870478513186293,-0.07035310231125837,0.22939808043090534,0.5128551578394064
1.7177432986537693,0.2242571300669447,1.3341849182788412,-1.4289332933526488,-0.4948093909050741
3.6607085645180644,0.05981327210048585,-1.9902374823597198,2.080098014309404,0.452875554767965
4.03476615636981,0.2295645651519605,-2.540735136568972,0.836540475065469,0.5184725390390827
2.7380289173794106,-0.3666924560310138,2.2936604604920117,-0.5627961788390543,-0.8889671605067043
3.9956159772474518,0.11015943130983395,2.1478247684454304,-0.0043364762756214065,0.48395598657182415
3.7183917314411605,0.24466022121855255,-0.7338337514441212,1.0376124507349211,0.014837620561554864
1.2834218641056605,0.2434919784393412,0.4834186284282464,-1.6731247156301552,-0.42407762623756756
2.4322921585905144,0.49346908499976055,0.921737166910095,-2.426091181437693,0.24080812293588175
1.4660084713878327,0.3299852437811826,-0.026844233737617147,-0.30708316971211136,-0.022332767471126024
0.3086401488878359,0.07415451223547927,0.8691246988572807,1.3523909391868996,-1.9000414503453054
1.2169166011868007,0.5161134782243614,4.347937230598046,-2.4485218463548795,1.7170718655610202
2.8188240588557862,0.7200208315787006,5.0,-2.9467127410271976,1.1051282693906526
1.3404033172379708,0.37893351364106836,-1.865355414255864,-1.1086428974735911,-0.14529442070059692
1.0517307040257775,0.29962814733385723,-0.2319585280023219,1.827861810181307,0.378410726104454
1.0229014316716767,1.076926465052178,4.004854140022048,5.0,0.5632607092387298
1.341034848915708,0.39488832279116015,-3.0,2.6116664019189098,-1.2596839627580099
1.5435212330313983,0.46566122502504725,-1.7814916058570383,5.0,-0.8959807023133336
3.7226422599689726,0.5308929192396712,-3.0,1.2629698489989674,-1.1947021368021191
0.5764435576121573,0.6082881658082097,-2.1320522705202376,5.0,0.31167695137751195
1.4122698624726868,0.9803482655747707,-0.35447545774762335,5.0,0.2617380630492875
3.8559246586327793,-0.1047899966518955,-2.0689128635990954,4.299009019692545,-1.2575212986041975
2.1912717576521508,-1.543162674955132,-1.9000264376943723,3.4725620007305222,-1.2226647451865107
1.975463038525785,0.5634013107903177,-3.0,3.4045774015702257,-0.23100355755382032
5.0,-0.9789427361134007,-2.6233861189639858,3.2679310556451058,-0.5816684210839191
4.414924221122794,0.1203329252167879,0.9488221705134939,5.0,-1.658345578453587
2.219273460072493,0.32217071317321444,-0.6660003848149726,4.1479544654668485,-1.897014021397566
3.42870390390686,1.2623707779016717,5.0,-2.0045928194230305,0.3575752815373157
2.984006445721647,0.19657095306383615,0.36156261384418914,5.0,-0.9724466525674821
4.526735952471026,-0.03239425789759143,2.424622296218433,-3.0,1.6335466406434005
3.778709856753156,0.4053972590270931,-3.0,4.656865448736134,0.8001134144985708
2.6080066065192837,0.6366982867186229,0.17708329941160636,5.0,1.2204131797039064
5.0,0.7190589427730726,-1.0268098438663111,5.0,0.6907431548205394
5.0,0.8432489389116298,-1.998578588023554,4.235310409420616,-0.014840027211569963
3.869896177249022,1.1052712032612853,-1.3719178086882,3.762826857992546,0.8449830118425221
1.2646991626043136,0.23030340672131228,-3.0,-0.7753778061963064,-1.7972905528389864
4.630071270564929,0.8558417371667619,5.0,5.0,0.8558261731931591
5.0,0.365970302069897,3.704686409163945,5.0,-1.4875257087968978
5.0,0.7553809845484439,4.223969019614241,3.16085754009926,1.0331618937832678
5.0,0.6500234531837339,2.835408101185774,5.0,1.2128262201842865
3.4955563153299103,0.7472493852509167,5.0,3.568758357353187,1.3666066956292386
5.0,0.5872757567621248,4.359384845851752,5.0,0.12768024388434157
5.0,1.1845617131211525,3.871660106729058,-0.28327372416360036,0.8627751605750122
5.0,0.2839790484355827,2.4448687997572023,2.4394616468081805,-2.0
2.799668296148975,0.44876454254235626,2.6651622298372177,4.919614600232238,-2.0
5.0,0.32762653846283124,3.9676034740062054,-0.46078403478708013,-1.552255684949014
4.945645756266637,-1.1395537200252905,5.0,5.0,-0.5140754079232561
5.0,-0.16557094827792873,-0.9318280774021277,-0.4039523754107284,-2.0
2.4796289908966753,0.49558476768803195,3.6680010862895527,1.8417810482073906,-2.0
2.7701859284127823,-0.24880253488281515,-1.616205569639479,-3.0,-2.0
1.5222446683147697,0.47678907492613265,5.0,-1.368718765618532,2.885806555019111
5.0,-0.29283892581035986,4.289307269429121,4.662159986234606,0.5921886489639346
2.681383918343474,-0.4699509599681838,-2.6765797278371926,1.070196899593413,-2.0
3.6155060276202082,0.4964620076966264,-0.7212700790777222,5.0,0.5473513016999154
4.538086745438266,1.4715997487532535,0.9886970821012039,5.0,0.8966408609385975
5.0,0.5251346479600032,-1.6585076614727499,5.0,1.4983535580018237
1.0881034610038844,0.5322980716032913,-2.351545316262681,5.0,1.3355895007010814
4.9450318146677965,-0.05496014587777326,1.6475705170524244,-3.0,-1.8117591546658955
2.889089588767019,0.5497340797963773,0.7231564532617133,-1.6264966505448721,-2.0
5.0,-0.3696101767793946,3.965517001387789,-3.0,-0.35971634862836177
5.0,-0.41280066629349593,5.0,0.23399658656213018,-0.028725377312104103
3.246723242482392,-2.7019565741406666,4.465112357037061,-3.0,-0.34184823628321037
3.1106322837083926,-1.3537097027683134,3.6105272452789836,5.0,-1.2014742020498557
3.6922990600115284,-0.9219466740746293,5.0,-3.0,-1.1748958581100628
4.933210344978457,-2.0456764287242084,-0.39182155595172147,2.4997761022735108,-2.0
5.0,0.3091361509406796,-2.6714628620626795,-2.6921438700386444,-1.4078664698170287
1.4630794367442401,-3.0,2.080879967448629,-3.0,-1.5891450784166303
3.991841301929837,0.6888574803642971,0.5554408901905225,1.6094894967320477,-2.0
5.0,-1.8269067976329199,3.9275715684272186,-1.6936901483093638,-0.6807345869921262
1.315445749136519,-0.2554782676802481,5.0,-2.89608766750598,0.878338617043014
4.463867521992869,0.5950828218973503,-1.56806284928944,-1.9640887500248116,-2.0
0.35845890556311094,1.2406945484945033,-1.0042966969441731,-3.0,1.0023445216200315
2.5353412802312603,2.55902373938935,0.22622024565889068,-2.5051666515560216,1.3086036199632296
5.0,1.0075331269122616,4.604885270548849,-1.5311456655251954,-0.7064550641948574
2.688595621617358,0.58258699979459,-3.0,-3.0,-1.2966428570895876
0.36725775063923305,-2.3424180294315478,-3.0,2.6392413153248837,-0.25492593220954407
5.0,-1.7593417932893092,-3.0,0.848902483896227,-1.15278365356969
5.0,0.01699875930294028,-3.0,-1.8893689169185708,1.1164532053204983
0.8344264176566591,-0.03806758173239201,-3.0,-3.0,0.851696654455026
5.0,1.0603407318469305,1.432381147010988,-3.0,0.45251670271178307
2.441986953669905,-3.0,-3.0,-1.375706456571118,-0.3296553587418224
5.0,0.6518255827521304,-0.04947989134128983,5.0,-1.1257329156115488
3.3203312016503195,-1.5870015476182178,4.3375436389270074,5.0,-0.06866338127917863
2.362649550332034,-3.0,0.9281075347996042,-3.0,-0.44493669706659844
5.0,0.7082153958056533,2.550484135845425,3.8932270324313176,-2.0
1.2477276838127396,1.572371018526783,-3.0,3.897579707041081,0.7598406945077919
2.5084241505206633,-2.0446659560661256,-3.0,1.2658248687296365,-0.6698618289376165
5.0,-1.6453219314458996,-3.0,-1.0446107477662923,-0.2592645688720571
5.0,-1.940481281281575,-0.29443812980459094,5.0,-1.1956488263175138
3.122418354727482,3.5287923500863045,3.678427568660228,3.751907684123611,1.1765683957139241
2.5713437387622373,0.4246852954474744,-1.183364770464539,-3.0,-1.5902692084895913
2.71359395522539,-1.4146056541257372,-3.0,-3.0,-0.40306319439707294
1.8706270652375327,-1.7804246124488372,0.5670393529682853,5.0,-1.5899414753271175
3.5818226672649267,0.35512782090009876,-3.0,0.02258551187846194,4.564732058840457
5.0,-0.0010601069071374536,5.0,-1.723101814301727,0.7578213320020648
4.990171063448938,-2.1444500289395276,1.93974695697733,-0.6909759044249731,-1.9798400421585305
5.0,0.21088490352215145,-3.0,0.0021287249362997125,-2.0
0.7483525629342153,0.3723963867507376,-2.1105396891917407,3.2888338447592687,0.01831619736103847
2.848320952480624,-0.7161620243763787,4.957007559019766,-3.0,-0.38372783673381233
4.220093856782599,0.23983851961931996,5.0,2.2221649077465377,0.8473913684692996
4.039341418532629,-2.2693441305994186,5.0,1.0919527552194033,-2.0
0.7564201061586721,0.5649322122227154,1.0380381838774644,3.691982432118607,6.0
1.100466702141169,-3.0,-0.964514391956175,0.9590965350142452,-0.3718688916757043
0.9970528457850947,-1.8398723840713795,-3.0,-3.0,-1.5419376063744243
5.0,-3.0,-3.0,1.8208514070741277,0.0034308235291991666
1.8344650375696525,-3.0,5.0,-0.5102839039731311,-0.45444922291240913
5.0,-3.0,5.0,1.8061130354238528,-1.1015781920211998
2.8223994212446186,-3.0,5.0,-3.0,-1.0908900739505427
3.3390849634474797,-3.0,-3.0,2.8429012089683807,-2.0
5.0,-1.1751472604341326,-2.4750313737185268,5.0,-2.0
1.8032824545423274,-3.0,-3.0,1.1884162559580547,0.3175836412869662
5.0,1.2097439822984795,-1.3267365929187789,-3.0,0.6239743683243367
2.9899497968229065,0.2966544160733011,0.3938999165378128,-0.03482685317011566,0.5222040431940046
4.030229317309013,0.6311530519760893,4.439830506715261,3.5727700911623286,0.5159587916819245
2.514009453315731,0.7386193259862582,5.0,5.0,-1.1770552793744742
5.0,-1.1931391523639716,5.0,2.6598268782477503,-0.3196818806512577
5.0,-3.0,5.0,0.06650012865153837,-0.895466275659898
2.138573839525884,-1.6169500152087126,-3.0,5.0,-2.0
5.0,-3.0,-1.4675257546262954,-3.0,0.2797708090393887
3.5411311340782863,-1.9449542834990854,-3.0,5.0,-0.17709601220657992
1.0623254865922374,-1.4033381475893274,-0.7632089959895137,2.6850879032720774,-2.0
5.0,0.21013417799481848,4.341667101977969,2.6177473172826025,2.5483341008761626
5.0,-3.0,2.409658063103936,-0.4754981849616758,0.188662293096901
5.0,0.33033443853393785,-3.0,5.0,-1.641802003094297
5.0,1.645299577675907,-1.6156654707550575,1.937267506522632,0.691778971199659
2.2738326782953466,-3.0,2.462693397667197,5.0,-0.3447233631384692
5.0,0.29759270488584827,4.027032985781912,4.011338194990199,1.0171440406616052
4.080592264797765,-3.0,-3.0,5.0,-1.1308377181914409
0.6332124660420063,0.09795350608199357,5.0,3.90287418295148,3.6068279965677092
0.09397685324368239,0.6215232519204789,-0.8850519880823204,4.668365261646507,0.4302603716662631
0.8666948692995521,0.8208283793688673,0.3180241127826855,-0.059362160199164724,-1.5529070957826763
0.45251712607525074,-2.8340712018652874,0.8820931113635901,5.0,-0.7602857976418199
5.0,-1.952225640166693,-1.098663525352602,5.0,0.11711578588498765
5.0,-2.601744114305358,-3.0,-1.6260600076765104,-1.9746954991359162
4.56035235565528,-3.0,-0.47633672263290117,-3.0,-1.9404543095234668
5.0,0.732908489875584,2.9007217744213127,5.0,-0.22711740283495913
5.0,0.43963911870478567,-1.8918862515116543,0.6439751942314305,-1.6516582891516307
1.2341127545191577,-0.1338002314654979,5.0,3.4106954051582186,4.451122443739994
5.0,-2.3630341248189777,-3.0,-3.0,-0.9378346236015791
5.0,0.9939557350003688,1.2720714917094422,-3.0,-1.3824077016640781
3.0848231502382095,-1.1576890484437994,0.49313550282738705,5.0,-0.5702568015998638
5.0,-0.03840624242320928,-3.0,5.0,0.44545444628260944
5.0,-3.0,-1.6797772110766982,-0.5098796479708085,-0.7433121460500614
5.0,-1.1307142974697404,3.7615763378246307,-2.133677275264408,-0.03931771460699611
5.0,-1.6612904441260952,-3.0,0.8352197606462322,0.4988306329344801
3.538166151397618,0.3956188742310269,3.435923801743302,5.0,2.793845813108799
5.0,-2.8245786419275185,-2.056329088220304,5.0,-1.6241348211285995
5.0,0.6283479217272689,-2.0670232975284075,5.0,1.0237821423173208
5.0,0.0477461986129516,5.0,5.0,-1.952916007041832
0.14249961365210986,-2.166150161564157,5.0,5.0,-2.0
3.2401197881527466,0.724250825525139,3.4750530002202025,-3.0,0.6550502184857339
3.6213111169108676,0.2934508403893695,-2.676132323033049,-1.4903664760354574,3.455529279703179
5.0,-0.7068100652882966,5.0,3.07537086562064,0.23776610170262613
0.21721956151784752,-3.0,5.0,4.739574827776469,-1.4207227689981188
5.0,-1.4396085672819245,5.0,3.1257064757640345,-1.6836091021996198
2.5242246061023446,-1.3484812130318804,5.0,-0.4107767495877229,-1.041291760495138
5.0,-3.0,-3.0,-3.0,0.019945812571313552
5.0,0.17245075382317696,5.0,5.0,1.6917978488157546
5.0,-3.0,3.7941806864429326,0.8946575281320992,-0.19933710132302235
5.0,0.28868670526015267,5.0,-3.0,-2.0
5.0,0.7370430653868931,-0.5665541560094679,3.0560072973932435,-0.29583639957964114
5.0,0.8848594271051141,-3.0,-3.0,-0.8833352306171586
5.0,0.9012147359398817,-2.353679759073027,-1.1013021669631111,-1.4491195372476022
5.0,-2.097099881119366,-3.0,1.713318192117884,-1.6650464802374132
1.1708946892164311,5.0,4.793379547358573,-3.0,1.10263276948295
3.4052983607362863,0.4221793195422703,1.7577587765011156,2.147951687024535,4.450123270155273
1.089736497088373,0.2831306950944478,1.8160354081242338,-1.3819817230311529,3.8677348028793155
5.0,1.2829216026601278,5.0,5.0,0.4982188732845644
5.0,0.62993418649655,1.8215448419882068,-0.2803885991710979,-2.0
5.0,0.5811829823237222,-3.0,-1.3601937096441479,0.6398723519163227
5.0,0.5126970192968899,3.3710499714668294,1.8679427330905576,0.5522586135363454
5.0,-3.0,-2.221342303577502,5.0,-0.6213486744039376
5.0,-3.0,1.0804821924207288,-0.08341351190132543,-0.28894748743060517
1.9125547606862159,-1.4362431190603353,-3.0,-2.1223120768160304,-1.0309609741623529
5.0,-3.0,-3.0,-3.0,0.7315727755191715
0.6514867893858043,-2.5730939913097264,-3.0,-3.0,-0.6257186647677984
5.0,-3.0,3.3972620679494683,5.0,-0.7418372129971269
5.0,-2.67847909103944,5.0,-3.0,-1.8071226158173284
5.0,0.5647157491312345,-3.0,-3.0,0.21051752045754382
5.0,0.7617516819557255,-3.0,-3.0,2.095458989982076
4.935334204376972,5.0,-3.0,5.0,1.2004173415792898
5.0,0.4309392347772353,4.684055943536595,-1.185299423943522,2.168724363002668
1.7922373590109038,0.769763137225874,-3.0,5.0,-2.0
5.0,0.8436641734266427,2.0307310500940616,5.0,3.5648363553792612
1.777571075053333,-1.767764357290982,2.923282174845587,-3.0,-2.0
5.0,0.8971542866776865,-3.0,0.6499776118122087,-0.25934953029416447
2.113784511742642,0.5303140186025858,-3.0,-3.0,0.470673807155438
2.4128875133397694,0.7844148226072458,1.3955469151984947,5.0,-1.7397899276718967
4.2061902347518245,2.17631468126571,2.7483767713998177,5.0,4.439571816897348
5.0,-3.0,-1.0134125198035842,2.4491472444695668,-0.9178953118880843
2.0900102558463827,1.2376003609036235,4.098279491287387,5.0,2.26171003170387
5.0,-1.9757625488976194,3.121838515956326,-3.0,-1.4913111320845875
5.0,-3.0,5.0,-3.0,0.3734929902712679
5.0,-3.0,2.3745890548679887,-3.0,0.512707199952283
3.5616817972751496,-3.0,5.0,-0.05176297788635834,0.2953041164882178
5.0,-0.15834651504643163,-0.049930655273658864,5.0,0.32142924545693224
5.0,0.03745556926418485,-3.0,3.485207126541041,0.6487393180636065
5.0,-0.7020808114803302,1.6876333499475484,-3.0,-0.4723897706103399
5.0,-3.0,5.0,-0.2992092500328213,-1.4633694573154943
5.0,-0.2743024107553029,-3.0,-3.0,0.5957770926583765
3.0686544543490673,-0.058442828511181905,-0.7654394620570325,-1.398032503565097,3.57303574193251
5.0,1.3505977571211756,1.7314291266922317,5.0,1.7489172783999651
5.0,-3.0,-1.3931295513701214,-3.0,-0.5062877314816423
0.3616694849801171,0.13145641064261784,3.6653323618814078,4.8068520882516355,4.768226529754895
5.0,0.5543903233763665,-0.33661214279603424,-0.3889844784388937,3.4113434826521982
5.0,0.1881193503727795,1.6932615501972987,1.3408116827708658,4.753597148358643
0.3391556366372631,0.9197565161499273,-3.0,0.6391773770461446,-0.7474553886173633
0.23011339510049164,0.5312537290196672,-0.538421841504437,0.8424631428450137,-2.0
3.1782949732738763,0.21069265993916259,5.0,-3.0,1.5592896830612704
0.0,-1.0437224235420266,-1.661276270498669,3.0943886440064228,-0.4539310746218324
0.7923633614713591,-3.0,3.0001853708672304,1.3152025458579162,0.12476392518712896
0.5292272171409728,0.26734385070755284,5.0,4.24651344921352,3.9335039760156234
5.0,-3.0,5.0,-1.6344247575567674,-1.1514706726911519
5.0,0.5309274138556694,-3.0,-3.0,1.564781446681873
2.311224805280239,0.23959991835942432,5.0,4.515102981337731,-1.7222829137972901
0.0,1.2777237697242467,2.4614905539260543,1.128910733372351,-0.5102208902802673
0.0,0.4744835604321902,5.0,3.8899917843054244,1.7769084399218495
5.0,1.0182310396675542,-3.0,-3.0,-0.4679300073752678
1.690858331902708,0.6510317740457378,3.261567549237732,-3.0,2.5223726227551637
5.0,-3.0,2.031309504697354,5.0,0.38390409139947934
5.0,1.4222983552055035,2.344717546385262,-3.0,1.251357907670661
5.0,0.8921221497587699,1.2327341115711026,3.5423952256782765,1.3132943477136532
5.0,0.16539358063491316,4.126302671116333,-0.3270403764601682,1.7813715961541734
5.0,0.3391470258371085,-3.0,5.0,2.0314882395489824
0.7093788258514406,0.45592748563836555,-3.0,-1.9217538072045877,2.0800260186996393
4.978939435805312,2.4743478864983257,5.0,0.9772705079542691,1.180471927090158
3.3377460286788496,0.4728360093723437,-3.0,0.7594119627393131,1.9799403207206907
5.0,0.8131821095622214,2.9814039190836708,3.0138903582767074,0.6970786516271236
0.7023983505072571,0.4214572450740921,-1.8676513573599807,0.9630396133771064,4.321595976339615
3.5979294807133804,-1.5011704868706675,5.0,1.2008258564717167,-1.6022116570310756
1.5635772181031593,0.7202548253835943,0.6633863964211613,0.6517703675875908,6.0
0.2677741807828769,2.7224753267373645,3.751082861288151,-2.280488307272674,2.6842434362384733
5.0,-3.0,1.5419012922580946,-3.0,-1.0326164929720159
5.0,0.32827179334122203,-0.6742558603798801,5.0,3.9180759456742043
0.0,1.0334681476459204,-3.0,-3.0,1.1165719517698423
5.0,0.2130487707138686,3.9927363172390473,-3.0,0.29808314653092594
2.7224933286161836,-2.3907191556534424,-2.026582180764527,-3.0,0.38142629590926413
0.0,-0.6774415031758473,5.0,-0.45981329223008877,-2.0
2.061294730994435,1.7379307040966951,3.982374534595254,-1.1862091306137539,1.5393144569875754
5.0,1.3462077258792047,-3.0,-0.7988760890095601,1.3254486807511945
2.5126394294591274,-2.9981192875996565,0.7086009944751863,-0.2979247869902159,0.4956006494664616
0.9714388722492214,0.3180315679028877,-3.0,-3.0,2.245291249819422
2.7475333455111737,-3.0,-3.0,-3.0,-1.4244872340953993
0.0,1.0690245986934441,0.3698656382140526,3.2222552658886574,1.5188780894539495
0.0,1.067074207698081,1.1812873349042121,1.9108527602550145,-1.5227605426127924
0.0,1.3733686628168207,5.0,5.0,1.0799924639490703
1.8557314431342464,0.3559752048703142,4.476981813225164,5.0,1.3896607816129052
0.0,-0.575783018076702,5.0,5.0,-1.3001769375620573
0.0,-0.9807771746226657,3.315593776530494,5.0,-2.0
3.319313651643866,-0.6191649033214477,5.0,-3.0,0.4322637115958348
5.0,0.4242009279107892,0.6446635955888665,-3.0,4.214755763689505
3.6040316414375178,-3.0,0.9754841876378156,5.0,-1.6596526997933367
0.0,1.5225502527011916,-3.0,-0.2630348563926665,1.4588105211956366
5.0,-0.6904344882573982,2.8514768920189946,5.0,-2.0
1.5292786350783876,4.053026469949322,4.5751140691161885,-3.0,3.2420718735722125
2.229223844146898,1.3348577761729126,-3.0,-1.0921591676131572,1.2998973725275587
0.0,-1.2324096840414533,-2.923345452197621,3.94032860224382,-1.7009029215279108
2.373544037856301,1.648901072796786,3.3162801455854543,4.556441159439263,1.3210680419212784
0.0,-3.0,-3.0,2.039282556113129,-1.2285466618114231
5.0,-0.9303840603683645,5.0,5.0,-0.8835778416724216
0.0,0.5807156958631738,-3.0,-3.0,2.0190562719682457
2.218942621878162,-2.190123531642764,5.0,-3.0,0.47269579658427513
2.015824944098791,-3.0,-3.0,5.0,-0.5581641834747929
5.0,-3.0,5.0,2.850714837496117,0.8135665912420683
4.040176984448762,1.4226049610200615,-0.3851966400189461,-1.5763220248809113,1.3355872843527927
1.5041943558071855,-3.0,-1.263794491428403,5.0,-1.6889134790594456
0.0,1.929574545615495,-3.0,1.5702661467012677,1.415196837334014
2.7421163249067044,4.632647749663273,5.0,-0.7882432483806446,3.1104315323948293
5.0,-2.063576839975498,5.0,1.4161461396778254,0.34512023071946846
5.0,-0.9076121794387461,4.783317736440423,-2.0341085014416014,-2.0
2.6235012271397458,-3.0,4.031698498705025,5.0,-1.1945672846481206
1.542156497004611,1.491439093602573,5.0,-3.0,-0.5431523086120391
5.0,-3.0,1.4531653592591351,-3.0,1.0292388459684818
5.0,0.9225859744636371,-3.0,5.0,0.7232446069046652
1.1543789929918091,-2.827928838420686,5.0,5.0,0.40015521416286826
5.0,-2.414954881716291,5.0,5.0,-0.2027056635679973
0.0,-3.0,-0.3339441821831111,5.0,-1.1837268124286053
5.0,-1.2333606796501118,0.4651115407489037,-3.0,-2.0
0.0,-2.134285039462059,-3.0,5.0,0.42617050731769757
3.3370713818556235,-3.0,2.9139170480827628,-0.0091501724218821,-0.8743970721521911
5.0,-0.30284893154668807,-3.0,-3.0,-0.2677067086781124
0.0,-3.0,1.3735592345975314,5.0,0.7766247888110485
5.0,-0.21974521259468935,5.0,5.0,-0.13641162643569615
0.0,0.37076924973671727,-3.0,-2.1011583762874833,0.5640048748947105
0.0,-0.9556843035448753,-0.7151674274085256,-3.0,-0.19196229718418517
5.0,-0.7674046944168563,-3.0,-3.0,-0.9727909784665979
5.0,1.910799981190603,5.0,0.46257611055787423,2.0990028792557727
5.0,0.8620191798894994,0.7430167390181595,-3.0,0.9900825017493401
2.5687999142076072,-2.106500215520974,-1.8134356321546186,-1.2054064307501162,-1.8866752803741111
0.0,1.2572438211279444,3.5013923941812664,3.5430908168407966,0.8812754257369293
5.0,-3.0,-2.268286933503459,5.0,0.5049868122330556
2.916022441124734,-2.59378734862135,3.537549303729166,3.4655946870758982,0.42581326998958374
5.0,1.9664804140722263,-1.2537316251828499,1.2992262876751224,1.6718293659818717
0.0,-3.0,-3.0,-0.08444683926092239,0.7098075405004033
5.0,-0.6236311265356687,3.097859860990623,5.0,-0.1345833906153041
0.0,-0.28702103560581654,-3.0,-2.9820623244248363,2.6259752756187504
5.0,-3.0,2.4216265890562836,-0.6460955716273795,4.3730515799325875
5.0,-2.158611875803675,-3.0,4.052906771607992,-0.8622874551135292
5.0,0.29790065000215943,-3.0,2.5553898511013977,2.9525993192628586
5.0,3.3089415888208284,4.886347453863636,-2.215329961641877,2.350588387583062
1.0602387664446484,0.20845586512223355,-3.0,-1.4166359778170468,3.9012561764832583
5.0,1.3733566602712304,5.0,-1.6290279008013488,1.0763050028431767
5.0,-0.29771168236894857,5.0,4.197601984382444,0.12368005295574819
5.0,-3.0,5.0,3.6895015081984464,-0.6474245992080122
2.0331714615945016,-0.08344129517858521,5.0,5.0,2.830439829470929
0.0,0.11616418150256286,-1.160333740914989,0.007434776905915764,4.757167753707394
3.980162442938689,1.6327019489050423,-3.0,0.7845490308992163,1.129353073788964
0.0,0.6893164605658274,-3.0,2.756788248588152,1.1579830589507616
5.0,2.1501568660266095,-3.0,-1.0451256943108524,1.747864187000071
