,ID,Scenario,alt,chosen,RC,OC,DR,fixation_trail,Freq_p_week,nationality,Gender,marital,age,experience_months,N_reject_order,Start_working_time,income,education 
1,11165,S1.4R,1,1,1800,55,500,52522,6,4,2,1,46,18,1,7,6.5,5
2,11165,S1.4R,3,0,2350,20,300,52522,6,4,2,1,46,18,1,7,6.5,5
3,11165,S1.4R,4,0,2550,16,300,52522,6,4,2,1,46,18,1,7,6.5,5
4,11165,S2.2R,1,1,1800,55,500,19814,6,4,2,1,46,18,1,7,6.5,5
5,11165,S2.2R,3,0,2350,20,300,19814,6,4,2,1,46,18,1,7,6.5,5
6,11165,S2.2R,4,0,2250,24,300,19814,6,4,2,1,46,18,1,7,6.5,5
7,11165,S2.1R,1,1,1800,55,500,29040,6,4,2,1,46,18,1,7,6.5,5
8,11165,S2.1R,3,0,2350,20,300,29040,6,4,2,1,46,18,1,7,6.5,5
9,11165,S2.1R,4,0,2250,22,300,29040,6,4,2,1,46,18,1,7,6.5,5
10,11165,S1.2R,1,1,1800,55,500,44564,6,4,2,1,46,18,1,7,6.5,5
11,11165,S1.2R,3,0,2350,20,300,44564,6,4,2,1,46,18,1,7,6.5,5
12,11165,S1.2R,4,0,2450,16,300,44564,6,4,2,1,46,18,1,7,6.5,5
13,11165,S2.4R,1,1,1800,55,500,55846,6,4,2,1,46,18,1,7,6.5,5
14,11165,S2.4R,3,0,2350,20,300,55846,6,4,2,1,46,18,1,7,6.5,5
15,11165,S2.4R,4,0,2150,24,300,55846,6,4,2,1,46,18,1,7,6.5,5
16,11165,A1.1R,1,1,1800,55,500,13236,6,4,2,1,46,18,1,7,6.5,5
17,11165,A1.1R,3,0,2350,20,300,13236,6,4,2,1,46,18,1,7,6.5,5
18,11165,A1.1R,4,0,2300,20,200,13236,6,4,2,1,46,18,1,7,6.5,5
19,11165,A1.4R,1,1,1800,55,500,12996,6,4,2,1,46,18,1,7,6.5,5
20,11165,A1.4R,3,0,2350,20,300,12996,6,4,2,1,46,18,1,7,6.5,5
21,11165,A1.4R,4,0,2330,20,200,12996,6,4,2,1,46,18,1,7,6.5,5
22,11165,A1.2R,1,1,1800,55,500,9736,6,4,2,1,46,18,1,7,6.5,5
23,11165,A1.2R,3,0,2350,20,300,9736,6,4,2,1,46,18,1,7,6.5,5
24,11165,A1.2R,4,0,2300,20,150,9736,6,4,2,1,46,18,1,7,6.5,5
25,111671,A1.3,1,0,1500,38,500,19292,5,4,2,1,65,96,4,9,3.5,2
26,111671,A1.3,3,1,1050,14,300,19292,5,4,2,1,65,96,4,9,3.5,2
27,111671,A1.3,4,0,1030,14,250,19292,5,4,2,1,65,96,4,9,3.5,2
28,111671,A1.2,1,0,1500,38,500,23648,5,4,2,1,65,96,4,9,3.5,2
29,111671,A1.2,3,1,1050,14,300,23648,5,4,2,1,65,96,4,9,3.5,2
30,111671,A1.2,4,0,1000,14,150,23648,5,4,2,1,65,96,4,9,3.5,2
31,111671,A1.4,1,0,1500,38,500,10280,5,4,2,1,65,96,4,9,3.5,2
32,111671,A1.4,3,1,1050,14,300,10280,5,4,2,1,65,96,4,9,3.5,2
33,111671,A1.4,4,0,1030,14,200,10280,5,4,2,1,65,96,4,9,3.5,2
34,111671,A1.1,1,0,1500,38,500,12508,5,4,2,1,65,96,4,9,3.5,2
35,111671,A1.1,3,1,1050,14,300,12508,5,4,2,1,65,96,4,9,3.5,2
36,111671,A1.1,4,0,1000,14,200,12508,5,4,2,1,65,96,4,9,3.5,2
37,111671,S1.2,1,0,1500,38,500,40492,5,4,2,1,65,96,4,9,3.5,2
38,111671,S1.2,3,0,1050,14,300,40492,5,4,2,1,65,96,4,9,3.5,2
39,111671,S1.2,4,1,1150,10,300,40492,5,4,2,1,65,96,4,9,3.5,2
40,111671,S1.3,1,0,1500,38,500,19110,5,4,2,1,65,96,4,9,3.5,2
41,111671,S1.3,3,1,1050,14,300,19110,5,4,2,1,65,96,4,9,3.5,2
42,111671,S1.3,4,0,1250,12,300,19110,5,4,2,1,65,96,4,9,3.5,2
43,111671,S2.3,1,0,1500,38,500,9452,5,4,2,1,65,96,4,9,3.5,2
44,111671,S2.3,3,0,1050,14,300,9452,5,4,2,1,65,96,4,9,3.5,2
45,111671,S2.3,4,1,850,16,300,9452,5,4,2,1,65,96,4,9,3.5,2
46,111671,S1.4,1,0,1500,38,500,22482,5,4,2,1,65,96,4,9,3.5,2
47,111671,S1.4,3,1,1050,14,300,22482,5,4,2,1,65,96,4,9,3.5,2
48,111671,S1.4,4,0,1250,10,300,22482,5,4,2,1,65,96,4,9,3.5,2
49,11168,A1.4R,1,1,2700,36,800,33154,6,4,2,1,57,276,0,9,2,2
50,11168,A1.4R,3,0,3500,14,500,33154,6,4,2,1,57,276,0,9,2,2
51,11168,A1.4R,4,0,3480,14,400,33154,6,4,2,1,57,276,0,9,2,2
52,11168,A1.1R,1,1,2700,36,800,50274,6,4,2,1,57,276,0,9,2,2
53,11168,A1.1R,3,0,3500,14,500,50274,6,4,2,1,57,276,0,9,2,2
54,11168,A1.1R,4,0,3450,14,400,50274,6,4,2,1,57,276,0,9,2,2
55,11168,A1.2R,1,1,2700,36,800,23106,6,4,2,1,57,276,0,9,2,2
56,11168,A1.2R,3,0,3500,14,500,23106,6,4,2,1,57,276,0,9,2,2
57,11168,A1.2R,4,0,3450,14,350,23106,6,4,2,1,57,276,0,9,2,2
58,11168,A1.3R,1,0,2700,36,800,45866,6,4,2,1,57,276,0,9,2,2
59,11168,A1.3R,3,0,3500,14,500,45866,6,4,2,1,57,276,0,9,2,2
60,11168,A1.3R,4,1,3480,14,450,45866,6,4,2,1,57,276,0,9,2,2
61,11168,S2.3R,1,1,2700,36,800,19048,6,4,2,1,57,276,0,9,2,2
62,11168,S2.3R,3,0,3500,14,500,19048,6,4,2,1,57,276,0,9,2,2
63,11168,S2.3R,4,0,3300,16,500,19048,6,4,2,1,57,276,0,9,2,2
64,11168,S2.4R,1,0,2700,36,800,43338,6,4,2,1,57,276,0,9,2,2
65,11168,S2.4R,3,1,3500,14,500,43338,6,4,2,1,57,276,0,9,2,2
66,11168,S2.4R,4,0,3300,18,500,43338,6,4,2,1,57,276,0,9,2,2
67,11168,S2.2R,1,1,2700,36,800,41000,6,4,2,1,57,276,0,9,2,2
68,11168,S2.2R,3,0,3500,14,500,41000,6,4,2,1,57,276,0,9,2,2
69,11168,S2.2R,4,0,3400,18,500,41000,6,4,2,1,57,276,0,9,2,2
70,11168,S1.3R,1,1,2700,36,800,12402,6,4,2,1,57,276,0,9,2,2
71,11168,S1.3R,3,0,3500,14,500,12402,6,4,2,1,57,276,0,9,2,2
72,11168,S1.3R,4,0,3700,12,500,12402,6,4,2,1,57,276,0,9,2,2
73,111641,S2.4,1,1,3000,24,800,90420,7,4,2,1,67,156,1,7,2.5,2
74,111641,S2.4,3,0,3900,14,500,90420,7,4,2,1,67,156,1,7,2.5,2
75,111641,S2.4,4,0,3700,18,500,90420,7,4,2,1,67,156,1,7,2.5,2
76,111641,S1.4,1,1,3000,24,800,32372,7,4,2,1,67,156,1,7,2.5,2
77,111641,S1.4,3,0,3900,14,500,32372,7,4,2,1,67,156,1,7,2.5,2
78,111641,S1.4,4,0,4100,10,500,32372,7,4,2,1,67,156,1,7,2.5,2
79,111641,S1.1,1,1,3000,24,800,31976,7,4,2,1,67,156,1,7,2.5,2
80,111641,S1.1,3,0,3900,14,500,31976,7,4,2,1,67,156,1,7,2.5,2
81,111641,S1.1,4,0,4000,12,500,31976,7,4,2,1,67,156,1,7,2.5,2
82,111641,S2.1,1,1,3000,24,800,13000,7,4,2,1,67,156,1,7,2.5,2
83,111641,S2.1,3,0,3900,14,500,13000,7,4,2,1,67,156,1,7,2.5,2
84,111641,S2.1,4,0,3800,16,500,13000,7,4,2,1,67,156,1,7,2.5,2
85,111641,S1.2,1,1,3000,24,800,22468,7,4,2,1,67,156,1,7,2.5,2
86,111641,S1.2,3,0,3900,14,500,22468,7,4,2,1,67,156,1,7,2.5,2
87,111641,S1.2,4,0,4000,10,500,22468,7,4,2,1,67,156,1,7,2.5,2
88,111641,A1.3,1,1,3000,24,800,23408,7,4,2,1,67,156,1,7,2.5,2
89,111641,A1.3,3,0,3900,14,500,23408,7,4,2,1,67,156,1,7,2.5,2
90,111641,A1.3,4,0,3880,14,450,23408,7,4,2,1,67,156,1,7,2.5,2
91,111641,A1.2,1,1,3000,24,800,22990,7,4,2,1,67,156,1,7,2.5,2
92,111641,A1.2,3,0,3900,14,500,22990,7,4,2,1,67,156,1,7,2.5,2
93,111641,A1.2,4,0,3850,14,350,22990,7,4,2,1,67,156,1,7,2.5,2
94,111641,A1.4,1,1,3000,24,800,23970,7,4,2,1,67,156,1,7,2.5,2
95,111641,A1.4,3,0,3900,14,500,23970,7,4,2,1,67,156,1,7,2.5,2
96,111641,A1.4,4,0,3880,14,400,23970,7,4,2,1,67,156,1,7,2.5,2
97,11199,S2.3,1,1,2100,36,800,32588,7,4,2,1,50,156,4,7,2,2
98,11199,S2.3,3,0,2100,20,500,32588,7,4,2,1,50,156,4,7,2,2
99,11199,S2.3,4,0,1900,22,500,32588,7,4,2,1,50,156,4,7,2,2
100,11199,S1.1,1,1,2100,36,800,20988,7,4,2,1,50,156,4,7,2,2
101,11199,S1.1,3,0,2100,20,500,20988,7,4,2,1,50,156,4,7,2,2
102,11199,S1.1,4,0,2200,18,500,20988,7,4,2,1,50,156,4,7,2,2
103,11199,S2.2,1,1,2100,36,800,39424,7,4,2,1,50,156,4,7,2,2
104,11199,S2.2,3,0,2100,20,500,39424,7,4,2,1,50,156,4,7,2,2
105,11199,S2.2,4,0,2000,24,500,39424,7,4,2,1,50,156,4,7,2,2
106,11199,S1.4,1,0,2100,36,800,25730,7,4,2,1,50,156,4,7,2,2
107,11199,S1.4,3,0,2100,20,500,25730,7,4,2,1,50,156,4,7,2,2
108,11199,S1.4,4,1,2300,16,500,25730,7,4,2,1,50,156,4,7,2,2
109,11199,S2.1,1,0,2100,36,800,42206,7,4,2,1,50,156,4,7,2,2
110,11199,S2.1,3,0,2100,20,500,42206,7,4,2,1,50,156,4,7,2,2
111,11199,S2.1,4,1,2000,22,500,42206,7,4,2,1,50,156,4,7,2,2
112,11199,A1.3,1,1,2100,36,800,13702,7,4,2,1,50,156,4,7,2,2
113,11199,A1.3,3,0,2100,20,500,13702,7,4,2,1,50,156,4,7,2,2
114,11199,A1.3,4,0,2080,20,450,13702,7,4,2,1,50,156,4,7,2,2
115,11199,A1.1,1,1,2100,36,800,18318,7,4,2,1,50,156,4,7,2,2
116,11199,A1.1,3,0,2100,20,500,18318,7,4,2,1,50,156,4,7,2,2
117,11199,A1.1,4,0,2050,20,400,18318,7,4,2,1,50,156,4,7,2,2
118,11199,A1.4,1,1,2100,36,800,18096,7,4,2,1,50,156,4,7,2,2
119,11199,A1.4,3,0,2100,20,500,18096,7,4,2,1,50,156,4,7,2,2
120,11199,A1.4,4,0,2080,20,400,18096,7,4,2,1,50,156,4,7,2,2
121,111910,S2.3R,1,0,1500,28,550,23058,6,4,2,1,60,54,1,9,2.5,5
122,111910,S2.3R,3,0,1700,11,350,23058,6,4,2,1,60,54,1,9,2.5,5
123,111910,S2.3R,4,1,1500,13,350,23058,6,4,2,1,60,54,1,9,2.5,5
124,111910,S1.3R,1,0,1500,28,550,39013,6,4,2,1,60,54,1,9,2.5,5
125,111910,S1.3R,3,1,1700,11,350,39013,6,4,2,1,60,54,1,9,2.5,5
126,111910,S1.3R,4,0,1900,9,350,39013,6,4,2,1,60,54,1,9,2.5,5
127,111910,S1.1R,1,0,1500,28,550,21648,6,4,2,1,60,54,1,9,2.5,5
128,111910,S1.1R,3,0,1700,11,350,21648,6,4,2,1,60,54,1,9,2.5,5
129,111910,S1.1R,4,1,1800,9,350,21648,6,4,2,1,60,54,1,9,2.5,5
130,111910,S2.1R,1,0,1500,28,550,28346,6,4,2,1,60,54,1,9,2.5,5
131,111910,S2.1R,3,0,1700,11,350,28346,6,4,2,1,60,54,1,9,2.5,5
132,111910,S2.1R,4,1,1600,13,350,28346,6,4,2,1,60,54,1,9,2.5,5
133,111910,S1.2R,1,0,1500,28,550,31976,6,4,2,1,60,54,1,9,2.5,5
134,111910,S1.2R,3,1,1700,11,350,31976,6,4,2,1,60,54,1,9,2.5,5
135,111910,S1.2R,4,0,1800,7,350,31976,6,4,2,1,60,54,1,9,2.5,5
136,111910,A1.4R,1,0,1500,28,550,15282,6,4,2,1,60,54,1,9,2.5,5
137,111910,A1.4R,3,1,1700,11,350,15282,6,4,2,1,60,54,1,9,2.5,5
138,111910,A1.4R,4,0,1680,11,250,15282,6,4,2,1,60,54,1,9,2.5,5
139,111910,A1.3R,1,0,1500,28,550,15976,6,4,2,1,60,54,1,9,2.5,5
140,111910,A1.3R,3,1,1700,11,350,15976,6,4,2,1,60,54,1,9,2.5,5
141,111910,A1.3R,4,0,1680,11,300,15976,6,4,2,1,60,54,1,9,2.5,5
142,111910,A1.1R,1,0,1500,28,550,15820,6,4,2,1,60,54,1,9,2.5,5
143,111910,A1.1R,3,1,1700,11,350,15820,6,4,2,1,60,54,1,9,2.5,5
144,111910,A1.1R,4,0,1650,11,250,15820,6,4,2,1,60,54,1,9,2.5,5
145,111,A1.3R,1,0,1200,45,550,33530,6,4,2,2,56,54,0,7,3.5,6
146,111,A1.3R,3,0,700,14,350,33530,6,4,2,2,56,54,0,7,3.5,6
147,111,A1.3R,4,1,680,14,300,33530,6,4,2,2,56,54,0,7,3.5,6
148,111,A1.1R,1,0,1200,45,550,33946,6,4,2,2,56,54,0,7,3.5,6
149,111,A1.1R,3,1,700,14,350,33946,6,4,2,2,56,54,0,7,3.5,6
150,111,A1.1R,4,0,650,14,250,33946,6,4,2,2,56,54,0,7,3.5,6
151,111,A1.2R,1,0,1200,45,550,32934,6,4,2,2,56,54,0,7,3.5,6
152,111,A1.2R,3,1,700,14,350,32934,6,4,2,2,56,54,0,7,3.5,6
153,111,A1.2R,4,0,650,14,200,32934,6,4,2,2,56,54,0,7,3.5,6
154,111,A1.4R,1,0,1200,45,550,13990,6,4,2,2,56,54,0,7,3.5,6
155,111,A1.4R,3,1,700,14,350,13990,6,4,2,2,56,54,0,7,3.5,6
156,111,A1.4R,4,0,680,14,250,13990,6,4,2,2,56,54,0,7,3.5,6
157,111,S1.1R,1,0,1200,45,550,26364,6,4,2,2,56,54,0,7,3.5,6
158,111,S1.1R,3,1,700,14,350,26364,6,4,2,2,56,54,0,7,3.5,6
159,111,S1.1R,4,0,800,12,350,26364,6,4,2,2,56,54,0,7,3.5,6
160,111,S2.2R,1,0,1200,45,550,15250,6,4,2,2,56,54,0,7,3.5,6
161,111,S2.2R,3,1,700,14,350,15250,6,4,2,2,56,54,0,7,3.5,6
162,111,S2.2R,4,0,600,18,350,15250,6,4,2,2,56,54,0,7,3.5,6
163,111,S1.3R,1,0,1200,45,550,24514,6,4,2,2,56,54,0,7,3.5,6
164,111,S1.3R,3,1,700,14,350,24514,6,4,2,2,56,54,0,7,3.5,6
165,111,S1.3R,4,0,900,12,350,24514,6,4,2,2,56,54,0,7,3.5,6
166,111,S1.4R,1,0,1200,45,550,21436,6,4,2,2,56,54,0,7,3.5,6
167,111,S1.4R,3,1,700,14,350,21436,6,4,2,2,56,54,0,7,3.5,6
168,111,S1.4R,4,0,900,10,350,21436,6,4,2,2,56,54,0,7,3.5,6
169,111912,S2.3,1,0,1500,28,550,11834,6,4,2,2,27,54,0,7,2,2
170,111912,S2.3,3,0,1800,11,350,11834,6,4,2,2,27,54,0,7,2,2
171,111912,S2.3,4,1,1600,13,350,11834,6,4,2,2,27,54,0,7,2,2
172,111912,S1.2,1,1,1500,28,550,12408,6,4,2,2,27,54,0,7,2,2
173,111912,S1.2,3,0,1800,11,350,12408,6,4,2,2,27,54,0,7,2,2
174,111912,S1.2,4,0,1900,7,350,12408,6,4,2,2,27,54,0,7,2,2
175,111912,S2.4,1,0,1500,28,550,6454,6,4,2,2,27,54,0,7,2,2
176,111912,S2.4,3,0,1800,11,350,6454,6,4,2,2,27,54,0,7,2,2
177,111912,S2.4,4,1,1600,15,350,6454,6,4,2,2,27,54,0,7,2,2
178,111912,S2.2,1,1,1500,28,550,15238,6,4,2,2,27,54,0,7,2,2
179,111912,S2.2,3,0,1800,11,350,15238,6,4,2,2,27,54,0,7,2,2
180,111912,S2.2,4,0,1700,15,350,15238,6,4,2,2,27,54,0,7,2,2
181,111912,S1.3,1,1,1500,28,550,4852,6,4,2,2,27,54,0,7,2,2
182,111912,S1.3,3,0,1800,11,350,4852,6,4,2,2,27,54,0,7,2,2
183,111912,S1.3,4,0,2000,9,350,4852,6,4,2,2,27,54,0,7,2,2
184,111912,A1.1,1,1,1500,28,550,6924,6,4,2,2,27,54,0,7,2,2
185,111912,A1.1,3,0,1800,11,350,6924,6,4,2,2,27,54,0,7,2,2
186,111912,A1.1,4,0,1750,11,250,6924,6,4,2,2,27,54,0,7,2,2
187,111912,A1.2,1,1,1500,28,550,7492,6,4,2,2,27,54,0,7,2,2
188,111912,A1.2,3,0,1800,11,350,7492,6,4,2,2,27,54,0,7,2,2
189,111912,A1.2,4,0,1750,11,200,7492,6,4,2,2,27,54,0,7,2,2
190,111912,A1.4,1,1,1500,28,550,10000,6,4,2,2,27,54,0,7,2,2
191,111912,A1.4,3,0,1800,11,350,10000,6,4,2,2,27,54,0,7,2,2
192,111912,A1.4,4,0,1780,11,250,10000,6,4,2,2,27,54,0,7,2,2
193,111913,A1.3R,1,0,3000,25,600,11040,6,4,2,3,57,18,0,11,3.5,5
194,111913,A1.3R,3,1,3000,11,350,11040,6,4,2,3,57,18,0,11,3.5,5
195,111913,A1.3R,4,0,2980,11,300,11040,6,4,2,3,57,18,0,11,3.5,5
196,111913,A1.1R,1,0,3000,25,600,7976,6,4,2,3,57,18,0,11,3.5,5
197,111913,A1.1R,3,1,3000,11,350,7976,6,4,2,3,57,18,0,11,3.5,5
198,111913,A1.1R,4,0,2950,11,250,7976,6,4,2,3,57,18,0,11,3.5,5
199,111913,A1.2R,1,0,3000,25,600,8714,6,4,2,3,57,18,0,11,3.5,5
200,111913,A1.2R,3,1,3000,11,350,8714,6,4,2,3,57,18,0,11,3.5,5
201,111913,A1.2R,4,0,2950,11,200,8714,6,4,2,3,57,18,0,11,3.5,5
202,111913,A1.4R,1,0,3000,25,600,11444,6,4,2,3,57,18,0,11,3.5,5
203,111913,A1.4R,3,1,3000,11,350,11444,6,4,2,3,57,18,0,11,3.5,5
204,111913,A1.4R,4,0,2980,11,250,11444,6,4,2,3,57,18,0,11,3.5,5
205,111913,S2.4R,1,0,3000,25,600,5310,6,4,2,3,57,18,0,11,3.5,5
206,111913,S2.4R,3,1,3000,11,350,5310,6,4,2,3,57,18,0,11,3.5,5
207,111913,S2.4R,4,0,2800,15,350,5310,6,4,2,3,57,18,0,11,3.5,5
208,111913,S1.2R,1,0,3000,25,600,11484,6,4,2,3,57,18,0,11,3.5,5
209,111913,S1.2R,3,0,3000,11,350,11484,6,4,2,3,57,18,0,11,3.5,5
210,111913,S1.2R,4,1,3100,7,350,11484,6,4,2,3,57,18,0,11,3.5,5
211,111913,S2.1R,1,0,3000,25,600,12718,6,4,2,3,57,18,0,11,3.5,5
212,111913,S2.1R,3,1,3000,11,350,12718,6,4,2,3,57,18,0,11,3.5,5
213,111913,S2.1R,4,0,2900,13,350,12718,6,4,2,3,57,18,0,11,3.5,5
214,111913,S1.3R,1,0,3000,25,600,6610,6,4,2,3,57,18,0,11,3.5,5
215,111913,S1.3R,3,1,3000,11,350,6610,6,4,2,3,57,18,0,11,3.5,5
216,111913,S1.3R,4,0,3200,9,350,6610,6,4,2,3,57,18,0,11,3.5,5
217,112014,A1.4R,1,1,2100,31,900,33502,7,4,2,1,51,96,1,7,3.5,2
218,112014,A1.4R,3,0,2100,20,550,33502,7,4,2,1,51,96,1,7,3.5,2
219,112014,A1.4R,4,0,2080,20,450,33502,7,4,2,1,51,96,1,7,3.5,2
220,112014,A1.3R,1,1,2100,31,900,9794,7,4,2,1,51,96,1,7,3.5,2
221,112014,A1.3R,3,0,2100,20,550,9794,7,4,2,1,51,96,1,7,3.5,2
222,112014,A1.3R,4,0,2080,20,500,9794,7,4,2,1,51,96,1,7,3.5,2
223,112014,A1.2R,1,1,2100,31,900,9572,7,4,2,1,51,96,1,7,3.5,2
224,112014,A1.2R,3,0,2100,20,550,9572,7,4,2,1,51,96,1,7,3.5,2
225,112014,A1.2R,4,0,2050,20,400,9572,7,4,2,1,51,96,1,7,3.5,2
226,112014,A1.1R,1,1,2100,31,900,7924,7,4,2,1,51,96,1,7,3.5,2
227,112014,A1.1R,3,0,2100,20,550,7924,7,4,2,1,51,96,1,7,3.5,2
228,112014,A1.1R,4,0,2050,20,450,7924,7,4,2,1,51,96,1,7,3.5,2
229,112014,S1.4R,1,1,2100,31,900,12182,7,4,2,1,51,96,1,7,3.5,2
230,112014,S1.4R,3,0,2100,20,550,12182,7,4,2,1,51,96,1,7,3.5,2
231,112014,S1.4R,4,0,2300,16,550,12182,7,4,2,1,51,96,1,7,3.5,2
232,112014,S1.1R,1,1,2100,31,900,13596,7,4,2,1,51,96,1,7,3.5,2
233,112014,S1.1R,3,0,2100,20,550,13596,7,4,2,1,51,96,1,7,3.5,2
234,112014,S1.1R,4,0,2200,18,550,13596,7,4,2,1,51,96,1,7,3.5,2
235,112014,S1.2R,1,1,2100,31,900,11398,7,4,2,1,51,96,1,7,3.5,2
236,112014,S1.2R,3,0,2100,20,550,11398,7,4,2,1,51,96,1,7,3.5,2
237,112014,S1.2R,4,0,2200,16,550,11398,7,4,2,1,51,96,1,7,3.5,2
238,112014,S2.3R,1,1,2100,31,900,13562,7,4,2,1,51,96,1,7,3.5,2
239,112014,S2.3R,3,0,2100,20,550,13562,7,4,2,1,51,96,1,7,3.5,2
240,112014,S2.3R,4,0,1900,22,550,13562,7,4,2,1,51,96,1,7,3.5,2
241,112015,S1.2,1,1,2100,38,850,53392,6,4,2,1,48,96,1,7,2.5,1
242,112015,S1.2,3,0,2100,17,500,53392,6,4,2,1,48,96,1,7,2.5,1
243,112015,S1.2,4,0,2200,13,500,53392,6,4,2,1,48,96,1,7,2.5,1
244,112015,S1.1,1,1,2100,38,850,12064,6,4,2,1,48,96,1,7,2.5,1
245,112015,S1.1,3,0,2100,17,500,12064,6,4,2,1,48,96,1,7,2.5,1
246,112015,S1.1,4,0,2200,15,500,12064,6,4,2,1,48,96,1,7,2.5,1
247,112015,S2.2,1,0,2100,38,850,20774,6,4,2,1,48,96,1,7,2.5,1
248,112015,S2.2,3,0,2100,17,500,20774,6,4,2,1,48,96,1,7,2.5,1
249,112015,S2.2,4,1,2000,21,500,20774,6,4,2,1,48,96,1,7,2.5,1
250,112015,S1.4,1,1,2100,38,850,26610,6,4,2,1,48,96,1,7,2.5,1
251,112015,S1.4,3,0,2100,17,500,26610,6,4,2,1,48,96,1,7,2.5,1
252,112015,S1.4,4,0,2300,13,500,26610,6,4,2,1,48,96,1,7,2.5,1
253,112015,S2.4,1,0,2100,38,850,9088,6,4,2,1,48,96,1,7,2.5,1
254,112015,S2.4,3,0,2100,17,500,9088,6,4,2,1,48,96,1,7,2.5,1
255,112015,S2.4,4,1,1900,21,500,9088,6,4,2,1,48,96,1,7,2.5,1
256,112015,A1.4,1,1,2100,38,850,8008,6,4,2,1,48,96,1,7,2.5,1
257,112015,A1.4,3,0,2100,17,500,8008,6,4,2,1,48,96,1,7,2.5,1
258,112015,A1.4,4,0,2080,17,400,8008,6,4,2,1,48,96,1,7,2.5,1
259,112015,A1.1,1,1,2100,38,850,6608,6,4,2,1,48,96,1,7,2.5,1
260,112015,A1.1,3,0,2100,17,500,6608,6,4,2,1,48,96,1,7,2.5,1
261,112015,A1.1,4,0,2050,17,400,6608,6,4,2,1,48,96,1,7,2.5,1
262,112015,A1.2,1,1,2100,38,850,10850,6,4,2,1,48,96,1,7,2.5,1
263,112015,A1.2,3,0,2100,17,500,10850,6,4,2,1,48,96,1,7,2.5,1
264,112015,A1.2,4,0,2050,17,350,10850,6,4,2,1,48,96,1,7,2.5,1
265,112016,S1.2R,1,0,2100,37,900,32142,7,4,2,1,53,54,1,7,3.5,3
266,112016,S1.2R,3,0,2750,23,550,32142,7,4,2,1,53,54,1,7,3.5,3
267,112016,S1.2R,4,1,2850,19,550,32142,7,4,2,1,53,54,1,7,3.5,3
268,112016,S2.2R,1,1,2100,37,900,30962,7,4,2,1,53,54,1,7,3.5,3
269,112016,S2.2R,3,0,2750,23,550,30962,7,4,2,1,53,54,1,7,3.5,3
270,112016,S2.2R,4,0,2650,27,550,30962,7,4,2,1,53,54,1,7,3.5,3
271,112016,S2.4R,1,0,2100,37,900,28024,7,4,2,1,53,54,1,7,3.5,3
272,112016,S2.4R,3,0,2750,23,550,28024,7,4,2,1,53,54,1,7,3.5,3
273,112016,S2.4R,4,1,2550,27,550,28024,7,4,2,1,53,54,1,7,3.5,3
274,112016,S2.3R,1,0,2100,37,900,11172,7,4,2,1,53,54,1,7,3.5,3
275,112016,S2.3R,3,0,2750,23,550,11172,7,4,2,1,53,54,1,7,3.5,3
276,112016,S2.3R,4,1,2550,25,550,11172,7,4,2,1,53,54,1,7,3.5,3
277,112016,S1.1R,1,1,2100,37,900,17374,7,4,2,1,53,54,1,7,3.5,3
278,112016,S1.1R,3,0,2750,23,550,17374,7,4,2,1,53,54,1,7,3.5,3
279,112016,S1.1R,4,0,2850,21,550,17374,7,4,2,1,53,54,1,7,3.5,3
280,112016,A1.2R,1,1,2100,37,900,18074,7,4,2,1,53,54,1,7,3.5,3
281,112016,A1.2R,3,0,2750,23,550,18074,7,4,2,1,53,54,1,7,3.5,3
282,112016,A1.2R,4,0,2700,23,400,18074,7,4,2,1,53,54,1,7,3.5,3
283,112016,A1.4R,1,1,2100,37,900,22998,7,4,2,1,53,54,1,7,3.5,3
284,112016,A1.4R,3,0,2750,23,550,22998,7,4,2,1,53,54,1,7,3.5,3
285,112016,A1.4R,4,0,2730,23,450,22998,7,4,2,1,53,54,1,7,3.5,3
286,112016,A1.3R,1,1,2100,37,900,13018,7,4,2,1,53,54,1,7,3.5,3
287,112016,A1.3R,3,0,2750,23,550,13018,7,4,2,1,53,54,1,7,3.5,3
288,112016,A1.3R,4,0,2730,23,500,13018,7,4,2,1,53,54,1,7,3.5,3
289,112017,A1.3R,1,0,2100,27,550,27056,4,4,1,1,36,9,2,11,2.5,5
290,112017,A1.3R,3,1,2400,11,350,27056,4,4,1,1,36,9,2,11,2.5,5
291,112017,A1.3R,4,0,2380,11,300,27056,4,4,1,1,36,9,2,11,2.5,5
292,112017,A1.4R,1,0,2100,27,550,17020,4,4,1,1,36,9,2,11,2.5,5
293,112017,A1.4R,3,1,2400,11,350,17020,4,4,1,1,36,9,2,11,2.5,5
294,112017,A1.4R,4,0,2380,11,250,17020,4,4,1,1,36,9,2,11,2.5,5
295,112017,A1.1R,1,0,2100,27,550,16126,4,4,1,1,36,9,2,11,2.5,5
296,112017,A1.1R,3,1,2400,11,350,16126,4,4,1,1,36,9,2,11,2.5,5
297,112017,A1.1R,4,0,2350,11,250,16126,4,4,1,1,36,9,2,11,2.5,5
298,112017,A1.2R,1,0,2100,27,550,10182,4,4,1,1,36,9,2,11,2.5,5
299,112017,A1.2R,3,1,2400,11,350,10182,4,4,1,1,36,9,2,11,2.5,5
300,112017,A1.2R,4,0,2350,11,200,10182,4,4,1,1,36,9,2,11,2.5,5
301,112017,S1.1R,1,0,2100,27,550,9540,4,4,1,1,36,9,2,11,2.5,5
302,112017,S1.1R,3,1,2400,11,350,9540,4,4,1,1,36,9,2,11,2.5,5
303,112017,S1.1R,4,0,2500,9,350,9540,4,4,1,1,36,9,2,11,2.5,5
304,112017,S2.4R,1,0,2100,27,550,15320,4,4,1,1,36,9,2,11,2.5,5
305,112017,S2.4R,3,0,2400,11,350,15320,4,4,1,1,36,9,2,11,2.5,5
306,112017,S2.4R,4,1,2200,15,350,15320,4,4,1,1,36,9,2,11,2.5,5
307,112017,S1.2R,1,0,2100,27,550,11524,4,4,1,1,36,9,2,11,2.5,5
308,112017,S1.2R,3,0,2400,11,350,11524,4,4,1,1,36,9,2,11,2.5,5
309,112017,S1.2R,4,1,2500,7,350,11524,4,4,1,1,36,9,2,11,2.5,5
310,112017,S2.2R,1,0,2100,27,550,12048,4,4,1,1,36,9,2,11,2.5,5
311,112017,S2.2R,3,1,2400,11,350,12048,4,4,1,1,36,9,2,11,2.5,5
312,112017,S2.2R,4,0,2300,15,350,12048,4,4,1,1,36,9,2,11,2.5,5
313,112018,S1.2R,1,1,2400,37,600,20010,5,4,2,1,37,54,2,19,3.5,5
314,112018,S1.2R,3,0,3000,14,350,20010,5,4,2,1,37,54,2,19,3.5,5
315,112018,S1.2R,4,0,3100,10,350,20010,5,4,2,1,37,54,2,19,3.5,5
316,112018,S1.1R,1,1,2400,37,600,7632,5,4,2,1,37,54,2,19,3.5,5
317,112018,S1.1R,3,0,3000,14,350,7632,5,4,2,1,37,54,2,19,3.5,5
318,112018,S1.1R,4,0,3100,12,350,7632,5,4,2,1,37,54,2,19,3.5,5
319,112018,S2.4R,1,1,2400,37,600,16334,5,4,2,1,37,54,2,19,3.5,5
320,112018,S2.4R,3,0,3000,14,350,16334,5,4,2,1,37,54,2,19,3.5,5
321,112018,S2.4R,4,0,2800,18,350,16334,5,4,2,1,37,54,2,19,3.5,5
322,112018,S1.3R,1,1,2400,37,600,11436,5,4,2,1,37,54,2,19,3.5,5
323,112018,S1.3R,3,0,3000,14,350,11436,5,4,2,1,37,54,2,19,3.5,5
324,112018,S1.3R,4,0,3200,12,350,11436,5,4,2,1,37,54,2,19,3.5,5
325,112018,S1.4R,1,1,2400,37,600,9504,5,4,2,1,37,54,2,19,3.5,5
326,112018,S1.4R,3,0,3000,14,350,9504,5,4,2,1,37,54,2,19,3.5,5
327,112018,S1.4R,4,0,3200,10,350,9504,5,4,2,1,37,54,2,19,3.5,5
328,112018,A1.2R,1,1,2400,37,600,14120,5,4,2,1,37,54,2,19,3.5,5
329,112018,A1.2R,3,0,3000,14,350,14120,5,4,2,1,37,54,2,19,3.5,5
330,112018,A1.2R,4,0,2950,14,200,14120,5,4,2,1,37,54,2,19,3.5,5
331,112018,A1.3R,1,1,2400,37,600,20950,5,4,2,1,37,54,2,19,3.5,5
332,112018,A1.3R,3,0,3000,14,350,20950,5,4,2,1,37,54,2,19,3.5,5
333,112018,A1.3R,4,0,2980,14,300,20950,5,4,2,1,37,54,2,19,3.5,5
334,112018,A1.1R,1,1,2400,37,600,7620,5,4,2,1,37,54,2,19,3.5,5
335,112018,A1.1R,3,0,3000,14,350,7620,5,4,2,1,37,54,2,19,3.5,5
336,112018,A1.1R,4,0,2950,14,250,7620,5,4,2,1,37,54,2,19,3.5,5
337,112119,S1.1,1,1,2100,44,750,24614,6,4,2,1,43,42,2,7,2.5,4
338,112119,S1.1,3,0,2200,17,450,24614,6,4,2,1,43,42,2,7,2.5,4
339,112119,S1.1,4,0,2300,15,450,24614,6,4,2,1,43,42,2,7,2.5,4
340,112119,S1.4,1,1,2100,44,750,7980,6,4,2,1,43,42,2,7,2.5,4
341,112119,S1.4,3,0,2200,17,450,7980,6,4,2,1,43,42,2,7,2.5,4
342,112119,S1.4,4,0,2400,13,450,7980,6,4,2,1,43,42,2,7,2.5,4
343,112119,S1.2,1,1,2100,44,750,8358,6,4,2,1,43,42,2,7,2.5,4
344,112119,S1.2,3,0,2200,17,450,8358,6,4,2,1,43,42,2,7,2.5,4
345,112119,S1.2,4,0,2300,13,450,8358,6,4,2,1,43,42,2,7,2.5,4
346,112119,S1.3,1,1,2100,44,750,3824,6,4,2,1,43,42,2,7,2.5,4
347,112119,S1.3,3,0,2200,17,450,3824,6,4,2,1,43,42,2,7,2.5,4
348,112119,S1.3,4,0,2400,15,450,3824,6,4,2,1,43,42,2,7,2.5,4
349,112119,S2.1,1,0,2100,44,750,10874,6,4,2,1,43,42,2,7,2.5,4
350,112119,S2.1,3,0,2200,17,450,10874,6,4,2,1,43,42,2,7,2.5,4
351,112119,S2.1,4,1,2100,19,450,10874,6,4,2,1,43,42,2,7,2.5,4
352,112119,A1.1,1,1,2100,44,750,18100,6,4,2,1,43,42,2,7,2.5,4
353,112119,A1.1,3,0,2200,17,450,18100,6,4,2,1,43,42,2,7,2.5,4
354,112119,A1.1,4,0,2150,17,350,18100,6,4,2,1,43,42,2,7,2.5,4
355,112119,A1.4,1,1,2100,44,750,2174,6,4,2,1,43,42,2,7,2.5,4
356,112119,A1.4,3,0,2200,17,450,2174,6,4,2,1,43,42,2,7,2.5,4
357,112119,A1.4,4,0,2180,17,350,2174,6,4,2,1,43,42,2,7,2.5,4
358,112119,A1.3,1,1,2100,44,750,3828,6,4,2,1,43,42,2,7,2.5,4
359,112119,A1.3,3,0,2200,17,450,3828,6,4,2,1,43,42,2,7,2.5,4
360,112119,A1.3,4,0,2180,17,400,3828,6,4,2,1,43,42,2,7,2.5,4
361,112120,A1.3R,1,0,2700,50,550,16182,7,4,2,3,41,96,2,9,5.5,5
362,112120,A1.3R,3,1,3500,20,350,16182,7,4,2,3,41,96,2,9,5.5,5
363,112120,A1.3R,4,0,3480,20,300,16182,7,4,2,3,41,96,2,9,5.5,5
364,112120,A1.1R,1,0,2700,50,550,27868,7,4,2,3,41,96,2,9,5.5,5
365,112120,A1.1R,3,1,3500,20,350,27868,7,4,2,3,41,96,2,9,5.5,5
366,112120,A1.1R,4,0,3450,20,250,27868,7,4,2,3,41,96,2,9,5.5,5
367,112120,A1.4R,1,1,2700,50,550,27156,7,4,2,3,41,96,2,9,5.5,5
368,112120,A1.4R,3,0,3500,20,350,27156,7,4,2,3,41,96,2,9,5.5,5
369,112120,A1.4R,4,0,3480,20,250,27156,7,4,2,3,41,96,2,9,5.5,5
370,112120,A1.2R,1,1,2700,50,550,15132,7,4,2,3,41,96,2,9,5.5,5
371,112120,A1.2R,3,0,3500,20,350,15132,7,4,2,3,41,96,2,9,5.5,5
372,112120,A1.2R,4,0,3450,20,200,15132,7,4,2,3,41,96,2,9,5.5,5
373,112120,S2.4R,1,1,2700,50,550,21960,7,4,2,3,41,96,2,9,5.5,5
374,112120,S2.4R,3,0,3500,20,350,21960,7,4,2,3,41,96,2,9,5.5,5
375,112120,S2.4R,4,0,3300,24,350,21960,7,4,2,3,41,96,2,9,5.5,5
376,112120,S2.1R,1,1,2700,50,550,8940,7,4,2,3,41,96,2,9,5.5,5
377,112120,S2.1R,3,0,3500,20,350,8940,7,4,2,3,41,96,2,9,5.5,5
378,112120,S2.1R,4,0,3400,22,350,8940,7,4,2,3,41,96,2,9,5.5,5
379,112120,S1.4R,1,1,2700,50,550,2944,7,4,2,3,41,96,2,9,5.5,5
380,112120,S1.4R,3,0,3500,20,350,2944,7,4,2,3,41,96,2,9,5.5,5
381,112120,S1.4R,4,0,3700,16,350,2944,7,4,2,3,41,96,2,9,5.5,5
382,112120,S2.3R,1,1,2700,50,550,8034,7,4,2,3,41,96,2,9,5.5,5
383,112120,S2.3R,3,0,3500,20,350,8034,7,4,2,3,41,96,2,9,5.5,5
384,112120,S2.3R,4,0,3300,22,350,8034,7,4,2,3,41,96,2,9,5.5,5
385,112121,A1.4R,1,0,1500,33,600,19774,5,4,2,1,40,6,2,21,3.5,5
386,112121,A1.4R,3,1,1950,14,350,19774,5,4,2,1,40,6,2,21,3.5,5
387,112121,A1.4R,4,0,1930,14,250,19774,5,4,2,1,40,6,2,21,3.5,5
388,112121,A1.2R,1,0,1500,33,600,20630,5,4,2,1,40,6,2,21,3.5,5
389,112121,A1.2R,3,1,1950,14,350,20630,5,4,2,1,40,6,2,21,3.5,5
390,112121,A1.2R,4,0,1900,14,200,20630,5,4,2,1,40,6,2,21,3.5,5
391,112121,A1.1R,1,0,1500,33,600,12992,5,4,2,1,40,6,2,21,3.5,5
392,112121,A1.1R,3,1,1950,14,350,12992,5,4,2,1,40,6,2,21,3.5,5
393,112121,A1.1R,4,0,1900,14,250,12992,5,4,2,1,40,6,2,21,3.5,5
394,112121,A1.3R,1,0,1500,33,600,26008,5,4,2,1,40,6,2,21,3.5,5
395,112121,A1.3R,3,1,1950,14,350,26008,5,4,2,1,40,6,2,21,3.5,5
396,112121,A1.3R,4,0,1930,14,300,26008,5,4,2,1,40,6,2,21,3.5,5
397,112121,S2.3R,1,0,1500,33,600,13286,5,4,2,1,40,6,2,21,3.5,5
398,112121,S2.3R,3,0,1950,14,350,13286,5,4,2,1,40,6,2,21,3.5,5
399,112121,S2.3R,4,1,1750,16,350,13286,5,4,2,1,40,6,2,21,3.5,5
400,112121,S2.1R,1,0,1500,33,600,12116,5,4,2,1,40,6,2,21,3.5,5
401,112121,S2.1R,3,0,1950,14,350,12116,5,4,2,1,40,6,2,21,3.5,5
402,112121,S2.1R,4,1,1850,16,350,12116,5,4,2,1,40,6,2,21,3.5,5
403,112121,S1.4R,1,0,1500,33,600,22872,5,4,2,1,40,6,2,21,3.5,5
404,112121,S1.4R,3,1,1950,14,350,22872,5,4,2,1,40,6,2,21,3.5,5
405,112121,S1.4R,4,0,2150,10,350,22872,5,4,2,1,40,6,2,21,3.5,5
406,112121,S2.4R,1,0,1500,33,600,18924,5,4,2,1,40,6,2,21,3.5,5
407,112121,S2.4R,3,1,1950,14,350,18924,5,4,2,1,40,6,2,21,3.5,5
408,112121,S2.4R,4,0,1750,18,350,18924,5,4,2,1,40,6,2,21,3.5,5
409,112122,A1.4,1,1,2100,36,900,37414,6,4,2,2,43,96,1,9,3.5,1
410,112122,A1.4,3,0,2750,20,550,37414,6,4,2,2,43,96,1,9,3.5,1
411,112122,A1.4,4,0,2730,20,450,37414,6,4,2,2,43,96,1,9,3.5,1
412,112122,A1.1,1,1,2100,36,900,17520,6,4,2,2,43,96,1,9,3.5,1
413,112122,A1.1,3,0,2750,20,550,17520,6,4,2,2,43,96,1,9,3.5,1
414,112122,A1.1,4,0,2700,20,450,17520,6,4,2,2,43,96,1,9,3.5,1
415,112122,A1.3,1,1,2100,36,900,28412,6,4,2,2,43,96,1,9,3.5,1
416,112122,A1.3,3,0,2750,20,550,28412,6,4,2,2,43,96,1,9,3.5,1
417,112122,A1.3,4,0,2730,20,500,28412,6,4,2,2,43,96,1,9,3.5,1
418,112122,A1.2,1,1,2100,36,900,20622,6,4,2,2,43,96,1,9,3.5,1
419,112122,A1.2,3,0,2750,20,550,20622,6,4,2,2,43,96,1,9,3.5,1
420,112122,A1.2,4,0,2700,20,400,20622,6,4,2,2,43,96,1,9,3.5,1
421,112122,S2.4,1,0,2100,36,900,11454,6,4,2,2,43,96,1,9,3.5,1
422,112122,S2.4,3,0,2750,20,550,11454,6,4,2,2,43,96,1,9,3.5,1
423,112122,S2.4,4,1,2550,24,550,11454,6,4,2,2,43,96,1,9,3.5,1
424,112122,S1.2,1,1,2100,36,900,22400,6,4,2,2,43,96,1,9,3.5,1
425,112122,S1.2,3,0,2750,20,550,22400,6,4,2,2,43,96,1,9,3.5,1
426,112122,S1.2,4,0,2850,16,550,22400,6,4,2,2,43,96,1,9,3.5,1
427,112122,S1.3,1,1,2100,36,900,13008,6,4,2,2,43,96,1,9,3.5,1
428,112122,S1.3,3,0,2750,20,550,13008,6,4,2,2,43,96,1,9,3.5,1
429,112122,S1.3,4,0,2950,18,550,13008,6,4,2,2,43,96,1,9,3.5,1
430,112122,S2.1,1,0,2100,36,900,14656,6,4,2,2,43,96,1,9,3.5,1
431,112122,S2.1,3,0,2750,20,550,14656,6,4,2,2,43,96,1,9,3.5,1
432,112122,S2.1,4,1,2650,22,550,14656,6,4,2,2,43,96,1,9,3.5,1
433,112123,A1.3R,1,1,2700,79,850,42672,6,4,2,3,68,30,1,7,2.5,2
434,112123,A1.3R,3,0,2850,41,500,42672,6,4,2,3,68,30,1,7,2.5,2
435,112123,A1.3R,4,0,2830,41,450,42672,6,4,2,3,68,30,1,7,2.5,2
436,112123,A1.4R,1,1,2700,79,850,24000,6,4,2,3,68,30,1,7,2.5,2
437,112123,A1.4R,3,0,2850,41,500,24000,6,4,2,3,68,30,1,7,2.5,2
438,112123,A1.4R,4,0,2830,41,400,24000,6,4,2,3,68,30,1,7,2.5,2
439,112123,A1.2R,1,1,2700,79,850,21364,6,4,2,3,68,30,1,7,2.5,2
440,112123,A1.2R,3,0,2850,41,500,21364,6,4,2,3,68,30,1,7,2.5,2
441,112123,A1.2R,4,0,2800,41,350,21364,6,4,2,3,68,30,1,7,2.5,2
442,112123,A1.1R,1,1,2700,79,850,1452,6,4,2,3,68,30,1,7,2.5,2
443,112123,A1.1R,3,0,2850,41,500,1452,6,4,2,3,68,30,1,7,2.5,2
444,112123,A1.1R,4,0,2800,41,400,1452,6,4,2,3,68,30,1,7,2.5,2
445,112123,S2.3R,1,1,2700,79,850,33386,6,4,2,3,68,30,1,7,2.5,2
446,112123,S2.3R,3,0,2850,41,500,33386,6,4,2,3,68,30,1,7,2.5,2
447,112123,S2.3R,4,0,2650,43,500,33386,6,4,2,3,68,30,1,7,2.5,2
448,112123,S1.1R,1,1,2700,79,850,30848,6,4,2,3,68,30,1,7,2.5,2
449,112123,S1.1R,3,0,2850,41,500,30848,6,4,2,3,68,30,1,7,2.5,2
450,112123,S1.1R,4,0,2950,39,500,30848,6,4,2,3,68,30,1,7,2.5,2
451,112123,S1.3R,1,1,2700,79,850,11132,6,4,2,3,68,30,1,7,2.5,2
452,112123,S1.3R,3,0,2850,41,500,11132,6,4,2,3,68,30,1,7,2.5,2
453,112123,S1.3R,4,0,3050,39,500,11132,6,4,2,3,68,30,1,7,2.5,2
454,112123,S2.2R,1,1,2700,79,850,23830,6,4,2,3,68,30,1,7,2.5,2
455,112123,S2.2R,3,0,2850,41,500,23830,6,4,2,3,68,30,1,7,2.5,2
456,112123,S2.2R,4,0,2750,45,500,23830,6,4,2,3,68,30,1,7,2.5,2
457,112224,A1.4R,1,1,2700,25,600,104576,7,4,2,1,53,156,0,13,2,1
458,112224,A1.4R,3,0,3250,11,350,104576,7,4,2,1,53,156,0,13,2,1
459,112224,A1.4R,4,0,3230,11,250,104576,7,4,2,1,53,156,0,13,2,1
460,112224,A1.1R,1,1,2700,25,600,82680,7,4,2,1,53,156,0,13,2,1
461,112224,A1.1R,3,0,3250,11,350,82680,7,4,2,1,53,156,0,13,2,1
462,112224,A1.1R,4,0,3200,11,250,82680,7,4,2,1,53,156,0,13,2,1
463,112224,A1.2R,1,1,2700,25,600,18234,7,4,2,1,53,156,0,13,2,1
464,112224,A1.2R,3,0,3250,11,350,18234,7,4,2,1,53,156,0,13,2,1
465,112224,A1.2R,4,0,3200,11,200,18234,7,4,2,1,53,156,0,13,2,1
466,112224,A1.3R,1,0,2700,25,600,88694,7,4,2,1,53,156,0,13,2,1
467,112224,A1.3R,3,0,3250,11,350,88694,7,4,2,1,53,156,0,13,2,1
468,112224,A1.3R,4,1,3230,11,300,88694,7,4,2,1,53,156,0,13,2,1
469,112224,S1.1R,1,0,2700,25,600,42158,7,4,2,1,53,156,0,13,2,1
470,112224,S1.1R,3,1,3250,11,350,42158,7,4,2,1,53,156,0,13,2,1
471,112224,S1.1R,4,0,3350,9,350,42158,7,4,2,1,53,156,0,13,2,1
472,112224,S2.4R,1,0,2700,25,600,22550,7,4,2,1,53,156,0,13,2,1
473,112224,S2.4R,3,0,3250,11,350,22550,7,4,2,1,53,156,0,13,2,1
474,112224,S2.4R,4,1,3050,15,350,22550,7,4,2,1,53,156,0,13,2,1
475,112224,S2.3R,1,0,2700,25,600,25834,7,4,2,1,53,156,0,13,2,1
476,112224,S2.3R,3,0,3250,11,350,25834,7,4,2,1,53,156,0,13,2,1
477,112224,S2.3R,4,1,3050,13,350,25834,7,4,2,1,53,156,0,13,2,1
478,112224,S2.1R,1,0,2700,25,600,23366,7,4,2,1,53,156,0,13,2,1
479,112224,S2.1R,3,0,3250,11,350,23366,7,4,2,1,53,156,0,13,2,1
480,112224,S2.1R,4,1,3150,13,350,23366,7,4,2,1,53,156,0,13,2,1
481,112225,A1.1,1,1,1500,71,500,19246,7,4,2,1,51,18,1,9,4.5,1
482,112225,A1.1,3,0,1950,17,300,19246,7,4,2,1,51,18,1,9,4.5,1
483,112225,A1.1,4,0,1900,17,200,19246,7,4,2,1,51,18,1,9,4.5,1
484,112225,A1.3,1,1,1500,71,500,19422,7,4,2,1,51,18,1,9,4.5,1
485,112225,A1.3,3,0,1950,17,300,19422,7,4,2,1,51,18,1,9,4.5,1
486,112225,A1.3,4,0,1930,17,250,19422,7,4,2,1,51,18,1,9,4.5,1
487,112225,A1.2,1,1,1500,71,500,12534,7,4,2,1,51,18,1,9,4.5,1
488,112225,A1.2,3,0,1950,17,300,12534,7,4,2,1,51,18,1,9,4.5,1
489,112225,A1.2,4,0,1900,17,150,12534,7,4,2,1,51,18,1,9,4.5,1
490,112225,A1.4,1,1,1500,71,500,11356,7,4,2,1,51,18,1,9,4.5,1
491,112225,A1.4,3,0,1950,17,300,11356,7,4,2,1,51,18,1,9,4.5,1
492,112225,A1.4,4,0,1930,17,200,11356,7,4,2,1,51,18,1,9,4.5,1
493,112225,S2.1,1,0,1500,71,500,21612,7,4,2,1,51,18,1,9,4.5,1
494,112225,S2.1,3,0,1950,17,300,21612,7,4,2,1,51,18,1,9,4.5,1
495,112225,S2.1,4,1,1850,19,300,21612,7,4,2,1,51,18,1,9,4.5,1
496,112225,S1.4,1,1,1500,71,500,12084,7,4,2,1,51,18,1,9,4.5,1
497,112225,S1.4,3,0,1950,17,300,12084,7,4,2,1,51,18,1,9,4.5,1
498,112225,S1.4,4,0,2150,13,300,12084,7,4,2,1,51,18,1,9,4.5,1
499,112225,S1.1,1,1,1500,71,500,7374,7,4,2,1,51,18,1,9,4.5,1
500,112225,S1.1,3,0,1950,17,300,7374,7,4,2,1,51,18,1,9,4.5,1
501,112225,S1.1,4,0,2050,15,300,7374,7,4,2,1,51,18,1,9,4.5,1
502,112225,S1.2,1,1,1500,71,500,10568,7,4,2,1,51,18,1,9,4.5,1
503,112225,S1.2,3,0,1950,17,300,10568,7,4,2,1,51,18,1,9,4.5,1
504,112225,S1.2,4,0,2050,13,300,10568,7,4,2,1,51,18,1,9,4.5,1
505,112227,S1.3,1,0,2100,37,900,18636,6,4,2,3,56,156,1,7,2.5,2
506,112227,S1.3,3,1,2300,23,550,18636,6,4,2,3,56,156,1,7,2.5,2
507,112227,S1.3,4,0,2500,21,550,18636,6,4,2,3,56,156,1,7,2.5,2
508,112227,S1.1,1,0,2100,37,900,22618,6,4,2,3,56,156,1,7,2.5,2
509,112227,S1.1,3,1,2300,23,550,22618,6,4,2,3,56,156,1,7,2.5,2
510,112227,S1.1,4,0,2400,21,550,22618,6,4,2,3,56,156,1,7,2.5,2
511,112227,S1.2,1,0,2100,37,900,15634,6,4,2,3,56,156,1,7,2.5,2
512,112227,S1.2,3,1,2300,23,550,15634,6,4,2,3,56,156,1,7,2.5,2
513,112227,S1.2,4,0,2400,19,550,15634,6,4,2,3,56,156,1,7,2.5,2
514,112227,S2.2,1,0,2100,37,900,13148,6,4,2,3,56,156,1,7,2.5,2
515,112227,S2.2,3,1,2300,23,550,13148,6,4,2,3,56,156,1,7,2.5,2
516,112227,S2.2,4,0,2200,27,550,13148,6,4,2,3,56,156,1,7,2.5,2
517,112227,S1.4,1,0,2100,37,900,5450,6,4,2,3,56,156,1,7,2.5,2
518,112227,S1.4,3,1,2300,23,550,5450,6,4,2,3,56,156,1,7,2.5,2
519,112227,S1.4,4,0,2500,19,550,5450,6,4,2,3,56,156,1,7,2.5,2
520,112227,A1.1,1,0,2100,37,900,24976,6,4,2,3,56,156,1,7,2.5,2
521,112227,A1.1,3,1,2300,23,550,24976,6,4,2,3,56,156,1,7,2.5,2
522,112227,A1.1,4,0,2250,23,450,24976,6,4,2,3,56,156,1,7,2.5,2
523,112227,A1.4,1,0,2100,37,900,5776,6,4,2,3,56,156,1,7,2.5,2
524,112227,A1.4,3,1,2300,23,550,5776,6,4,2,3,56,156,1,7,2.5,2
525,112227,A1.4,4,0,2280,23,450,5776,6,4,2,3,56,156,1,7,2.5,2
526,112227,A1.3,1,0,2100,37,900,14264,6,4,2,3,56,156,1,7,2.5,2
527,112227,A1.3,3,0,2300,23,550,14264,6,4,2,3,56,156,1,7,2.5,2
528,112227,A1.3,4,1,2280,23,500,14264,6,4,2,3,56,156,1,7,2.5,2
529,112228,S1.2R,1,0,4500,65,550,57978,6,4,2,2,29,42,1,17,4.5,3
530,112228,S1.2R,3,0,5850,17,350,57978,6,4,2,2,29,42,1,17,4.5,3
531,112228,S1.2R,4,1,5950,13,350,57978,6,4,2,2,29,42,1,17,4.5,3
532,112228,S2.2R,1,1,4500,65,550,121616,6,4,2,2,29,42,1,17,4.5,3
533,112228,S2.2R,3,0,5850,17,350,121616,6,4,2,2,29,42,1,17,4.5,3
534,112228,S2.2R,4,0,5750,21,350,121616,6,4,2,2,29,42,1,17,4.5,3
535,112228,S2.4R,1,0,4500,65,550,107042,6,4,2,2,29,42,1,17,4.5,3
536,112228,S2.4R,3,0,5850,17,350,107042,6,4,2,2,29,42,1,17,4.5,3
537,112228,S2.4R,4,1,5650,21,350,107042,6,4,2,2,29,42,1,17,4.5,3
538,112228,S1.4R,1,0,4500,65,550,80870,6,4,2,2,29,42,1,17,4.5,3
539,112228,S1.4R,3,0,5850,17,350,80870,6,4,2,2,29,42,1,17,4.5,3
540,112228,S1.4R,4,1,6050,13,350,80870,6,4,2,2,29,42,1,17,4.5,3
541,112228,S2.3R,1,0,4500,65,550,68188,6,4,2,2,29,42,1,17,4.5,3
542,112228,S2.3R,3,0,5850,17,350,68188,6,4,2,2,29,42,1,17,4.5,3
543,112228,S2.3R,4,1,5650,19,350,68188,6,4,2,2,29,42,1,17,4.5,3
544,112228,A1.4R,1,1,4500,65,550,55446,6,4,2,2,29,42,1,17,4.5,3
545,112228,A1.4R,3,0,5850,17,350,55446,6,4,2,2,29,42,1,17,4.5,3
546,112228,A1.4R,4,0,5830,17,250,55446,6,4,2,2,29,42,1,17,4.5,3
547,112228,A1.2R,1,1,4500,65,550,47272,6,4,2,2,29,42,1,17,4.5,3
548,112228,A1.2R,3,0,5850,17,350,47272,6,4,2,2,29,42,1,17,4.5,3
549,112228,A1.2R,4,0,5800,17,200,47272,6,4,2,2,29,42,1,17,4.5,3
550,112228,A1.3R,1,1,4500,65,550,59006,6,4,2,2,29,42,1,17,4.5,3
551,112228,A1.3R,3,0,5850,17,350,59006,6,4,2,2,29,42,1,17,4.5,3
552,112228,A1.3R,4,0,5830,17,300,59006,6,4,2,2,29,42,1,17,4.5,3
553,112529,S2.2,1,0,1800,32,600,64362,7,4,2,1,54,54,1,9,4.5,2
554,112529,S2.2,3,1,2050,11,350,64362,7,4,2,1,54,54,1,9,4.5,2
555,112529,S2.2,4,0,1950,15,350,64362,7,4,2,1,54,54,1,9,4.5,2
556,112529,S1.4,1,0,1800,32,600,25242,7,4,2,1,54,54,1,9,4.5,2
557,112529,S1.4,3,1,2050,11,350,25242,7,4,2,1,54,54,1,9,4.5,2
558,112529,S1.4,4,0,2250,7,350,25242,7,4,2,1,54,54,1,9,4.5,2
559,112529,S1.1,1,0,1800,32,600,28172,7,4,2,1,54,54,1,9,4.5,2
560,112529,S1.1,3,1,2050,11,350,28172,7,4,2,1,54,54,1,9,4.5,2
561,112529,S1.1,4,0,2150,9,350,28172,7,4,2,1,54,54,1,9,4.5,2
562,112529,S2.3,1,0,1800,32,600,26926,7,4,2,1,54,54,1,9,4.5,2
563,112529,S2.3,3,0,2050,11,350,26926,7,4,2,1,54,54,1,9,4.5,2
564,112529,S2.3,4,1,1850,13,350,26926,7,4,2,1,54,54,1,9,4.5,2
565,112529,S1.3,1,0,1800,32,600,18552,7,4,2,1,54,54,1,9,4.5,2
566,112529,S1.3,3,1,2050,11,350,18552,7,4,2,1,54,54,1,9,4.5,2
567,112529,S1.3,4,0,2250,9,350,18552,7,4,2,1,54,54,1,9,4.5,2
568,112529,A1.3,1,0,1800,32,600,10916,7,4,2,1,54,54,1,9,4.5,2
569,112529,A1.3,3,0,2050,11,350,10916,7,4,2,1,54,54,1,9,4.5,2
570,112529,A1.3,4,1,2030,11,300,10916,7,4,2,1,54,54,1,9,4.5,2
571,112529,A1.4,1,0,1800,32,600,19992,7,4,2,1,54,54,1,9,4.5,2
572,112529,A1.4,3,1,2050,11,350,19992,7,4,2,1,54,54,1,9,4.5,2
573,112529,A1.4,4,0,2030,11,250,19992,7,4,2,1,54,54,1,9,4.5,2
574,112529,A1.1,1,0,1800,32,600,8790,7,4,2,1,54,54,1,9,4.5,2
575,112529,A1.1,3,1,2050,11,350,8790,7,4,2,1,54,54,1,9,4.5,2
576,112529,A1.1,4,0,2000,11,250,8790,7,4,2,1,54,54,1,9,4.5,2
577,112530,A1.3,1,0,2700,50,550,36636,6,4,2,1,55,96,0,9,3.5,1
578,112530,A1.3,3,1,3500,17,350,36636,6,4,2,1,55,96,0,9,3.5,1
579,112530,A1.3,4,0,3480,17,300,36636,6,4,2,1,55,96,0,9,3.5,1
580,112530,A1.2,1,0,2700,50,550,19438,6,4,2,1,55,96,0,9,3.5,1
581,112530,A1.2,3,1,3500,17,350,19438,6,4,2,1,55,96,0,9,3.5,1
582,112530,A1.2,4,0,3450,17,200,19438,6,4,2,1,55,96,0,9,3.5,1
583,112530,A1.1,1,0,2700,50,550,12466,6,4,2,1,55,96,0,9,3.5,1
584,112530,A1.1,3,1,3500,17,350,12466,6,4,2,1,55,96,0,9,3.5,1
585,112530,A1.1,4,0,3450,17,250,12466,6,4,2,1,55,96,0,9,3.5,1
586,112530,A1.4,1,0,2700,50,550,8466,6,4,2,1,55,96,0,9,3.5,1
587,112530,A1.4,3,1,3500,17,350,8466,6,4,2,1,55,96,0,9,3.5,1
588,112530,A1.4,4,0,3480,17,250,8466,6,4,2,1,55,96,0,9,3.5,1
589,112530,S2.1,1,0,2700,50,550,13316,6,4,2,1,55,96,0,9,3.5,1
590,112530,S2.1,3,0,3500,17,350,13316,6,4,2,1,55,96,0,9,3.5,1
591,112530,S2.1,4,1,3400,19,350,13316,6,4,2,1,55,96,0,9,3.5,1
592,112530,S1.3,1,0,2700,50,550,9100,6,4,2,1,55,96,0,9,3.5,1
593,112530,S1.3,3,1,3500,17,350,9100,6,4,2,1,55,96,0,9,3.5,1
594,112530,S1.3,4,0,3700,15,350,9100,6,4,2,1,55,96,0,9,3.5,1
595,112530,S2.4,1,0,2700,50,550,11476,6,4,2,1,55,96,0,9,3.5,1
596,112530,S2.4,3,0,3500,17,350,11476,6,4,2,1,55,96,0,9,3.5,1
597,112530,S2.4,4,1,3300,21,350,11476,6,4,2,1,55,96,0,9,3.5,1
598,112530,S1.2,1,0,2700,50,550,6610,6,4,2,1,55,96,0,9,3.5,1
599,112530,S1.2,3,0,3500,17,350,6610,6,4,2,1,55,96,0,9,3.5,1
600,112530,S1.2,4,1,3600,13,350,6610,6,4,2,1,55,96,0,9,3.5,1
601,112631,S1.1,1,0,2400,50,550,33278,6,4,2,2,28,42,1,7,4.5,3
602,112631,S1.1,3,0,3100,17,350,33278,6,4,2,2,28,42,1,7,4.5,3
603,112631,S1.1,4,1,3200,15,350,33278,6,4,2,2,28,42,1,7,4.5,3
604,112631,S2.1,1,0,2400,50,550,10286,6,4,2,2,28,42,1,7,4.5,3
605,112631,S2.1,3,0,3100,17,350,10286,6,4,2,2,28,42,1,7,4.5,3
606,112631,S2.1,4,1,3000,19,350,10286,6,4,2,2,28,42,1,7,4.5,3
607,112631,S2.3,1,0,2400,50,550,7590,6,4,2,2,28,42,1,7,4.5,3
608,112631,S2.3,3,0,3100,17,350,7590,6,4,2,2,28,42,1,7,4.5,3
609,112631,S2.3,4,1,2900,19,350,7590,6,4,2,2,28,42,1,7,4.5,3
610,112631,S1.3,1,0,2400,50,550,7498,6,4,2,2,28,42,1,7,4.5,3
611,112631,S1.3,3,1,3100,17,350,7498,6,4,2,2,28,42,1,7,4.5,3
612,112631,S1.3,4,0,3300,15,350,7498,6,4,2,2,28,42,1,7,4.5,3
613,112631,S2.4,1,0,2400,50,550,13690,6,4,2,2,28,42,1,7,4.5,3
614,112631,S2.4,3,0,3100,17,350,13690,6,4,2,2,28,42,1,7,4.5,3
615,112631,S2.4,4,1,2900,21,350,13690,6,4,2,2,28,42,1,7,4.5,3
616,112631,A1.2,1,0,2400,50,550,9344,6,4,2,2,28,42,1,7,4.5,3
617,112631,A1.2,3,1,3100,17,350,9344,6,4,2,2,28,42,1,7,4.5,3
618,112631,A1.2,4,0,3050,17,200,9344,6,4,2,2,28,42,1,7,4.5,3
619,112631,A1.1,1,0,2400,50,550,10060,6,4,2,2,28,42,1,7,4.5,3
620,112631,A1.1,3,1,3100,17,350,10060,6,4,2,2,28,42,1,7,4.5,3
621,112631,A1.1,4,0,3050,17,250,10060,6,4,2,2,28,42,1,7,4.5,3
622,112631,A1.3,1,0,2400,50,550,15088,6,4,2,2,28,42,1,7,4.5,3
623,112631,A1.3,3,1,3100,17,350,15088,6,4,2,2,28,42,1,7,4.5,3
624,112631,A1.3,4,0,3080,17,300,15088,6,4,2,2,28,42,1,7,4.5,3
625,112632,A1.3R,1,1,1800,53,550,50486,7,4,2,1,53,96,1,7,2.5,5
626,112632,A1.3R,3,0,2350,20,350,50486,7,4,2,1,53,96,1,7,2.5,5
627,112632,A1.3R,4,0,2330,20,300,50486,7,4,2,1,53,96,1,7,2.5,5
628,112632,A1.4R,1,1,1800,53,550,19240,7,4,2,1,53,96,1,7,2.5,5
629,112632,A1.4R,3,0,2350,20,350,19240,7,4,2,1,53,96,1,7,2.5,5
630,112632,A1.4R,4,0,2330,20,250,19240,7,4,2,1,53,96,1,7,2.5,5
631,112632,A1.2R,1,1,1800,53,550,22276,7,4,2,1,53,96,1,7,2.5,5
632,112632,A1.2R,3,0,2350,20,350,22276,7,4,2,1,53,96,1,7,2.5,5
633,112632,A1.2R,4,0,2300,20,200,22276,7,4,2,1,53,96,1,7,2.5,5
634,112632,A1.1R,1,1,1800,53,550,18892,7,4,2,1,53,96,1,7,2.5,5
635,112632,A1.1R,3,0,2350,20,350,18892,7,4,2,1,53,96,1,7,2.5,5
636,112632,A1.1R,4,0,2300,20,250,18892,7,4,2,1,53,96,1,7,2.5,5
637,112632,S2.2R,1,1,1800,53,550,26746,7,4,2,1,53,96,1,7,2.5,5
638,112632,S2.2R,3,0,2350,20,350,26746,7,4,2,1,53,96,1,7,2.5,5
639,112632,S2.2R,4,0,2250,24,350,26746,7,4,2,1,53,96,1,7,2.5,5
640,112632,S1.1R,1,1,1800,53,550,34968,7,4,2,1,53,96,1,7,2.5,5
641,112632,S1.1R,3,0,2350,20,350,34968,7,4,2,1,53,96,1,7,2.5,5
642,112632,S1.1R,4,0,2450,18,350,34968,7,4,2,1,53,96,1,7,2.5,5
643,112632,S2.1R,1,1,1800,53,550,30182,7,4,2,1,53,96,1,7,2.5,5
644,112632,S2.1R,3,0,2350,20,350,30182,7,4,2,1,53,96,1,7,2.5,5
645,112632,S2.1R,4,0,2250,22,350,30182,7,4,2,1,53,96,1,7,2.5,5
646,112632,S1.4R,1,1,1800,53,550,29620,7,4,2,1,53,96,1,7,2.5,5
647,112632,S1.4R,3,0,2350,20,350,29620,7,4,2,1,53,96,1,7,2.5,5
648,112632,S1.4R,4,0,2550,16,350,29620,7,4,2,1,53,96,1,7,2.5,5
649,112633,S2.1R,1,0,2100,51,700,21724,5,4,1,1,50,54,2,7,2.5,3
650,112633,S2.1R,3,0,2750,20,400,21724,5,4,1,1,50,54,2,7,2.5,3
651,112633,S2.1R,4,1,2650,22,400,21724,5,4,1,1,50,54,2,7,2.5,3
652,112633,S1.1R,1,0,2100,51,700,19674,5,4,1,1,50,54,2,7,2.5,3
653,112633,S1.1R,3,1,2750,20,400,19674,5,4,1,1,50,54,2,7,2.5,3
654,112633,S1.1R,4,0,2850,18,400,19674,5,4,1,1,50,54,2,7,2.5,3
655,112633,S1.2R,1,0,2100,51,700,17112,5,4,1,1,50,54,2,7,2.5,3
656,112633,S1.2R,3,0,2750,20,400,17112,5,4,1,1,50,54,2,7,2.5,3
657,112633,S1.2R,4,1,2850,16,400,17112,5,4,1,1,50,54,2,7,2.5,3
658,112633,S2.2R,1,0,2100,51,700,23606,5,4,1,1,50,54,2,7,2.5,3
659,112633,S2.2R,3,0,2750,20,400,23606,5,4,1,1,50,54,2,7,2.5,3
660,112633,S2.2R,4,1,2650,24,400,23606,5,4,1,1,50,54,2,7,2.5,3
661,112633,S2.4R,1,0,2100,51,700,9398,5,4,1,1,50,54,2,7,2.5,3
662,112633,S2.4R,3,0,2750,20,400,9398,5,4,1,1,50,54,2,7,2.5,3
663,112633,S2.4R,4,1,2550,24,400,9398,5,4,1,1,50,54,2,7,2.5,3
664,112633,A1.3R,1,0,2100,51,700,8336,5,4,1,1,50,54,2,7,2.5,3
665,112633,A1.3R,3,1,2750,20,400,8336,5,4,1,1,50,54,2,7,2.5,3
666,112633,A1.3R,4,0,2730,20,350,8336,5,4,1,1,50,54,2,7,2.5,3
667,112633,A1.1R,1,0,2100,51,700,4710,5,4,1,1,50,54,2,7,2.5,3
668,112633,A1.1R,3,1,2750,20,400,4710,5,4,1,1,50,54,2,7,2.5,3
669,112633,A1.1R,4,0,2700,20,300,4710,5,4,1,1,50,54,2,7,2.5,3
670,112633,A1.2R,1,0,2100,51,700,6422,5,4,1,1,50,54,2,7,2.5,3
671,112633,A1.2R,3,1,2750,20,400,6422,5,4,1,1,50,54,2,7,2.5,3
672,112633,A1.2R,4,0,2700,20,250,6422,5,4,1,1,50,54,2,7,2.5,3
673,112635,S1.4,1,0,1800,40,550,30818,6,4,2,1,60,54,0,9,6.5,2
674,112635,S1.4,3,1,2350,14,350,30818,6,4,2,1,60,54,0,9,6.5,2
675,112635,S1.4,4,0,2550,10,350,30818,6,4,2,1,60,54,0,9,6.5,2
676,112635,S2.2,1,0,1800,40,550,29538,6,4,2,1,60,54,0,9,6.5,2
677,112635,S2.2,3,1,2350,14,350,29538,6,4,2,1,60,54,0,9,6.5,2
678,112635,S2.2,4,0,2250,18,350,29538,6,4,2,1,60,54,0,9,6.5,2
679,112635,S2.1,1,0,1800,40,550,24610,6,4,2,1,60,54,0,9,6.5,2
680,112635,S2.1,3,1,2350,14,350,24610,6,4,2,1,60,54,0,9,6.5,2
681,112635,S2.1,4,0,2250,16,350,24610,6,4,2,1,60,54,0,9,6.5,2
682,112635,S2.3,1,0,1800,40,550,16882,6,4,2,1,60,54,0,9,6.5,2
683,112635,S2.3,3,0,2350,14,350,16882,6,4,2,1,60,54,0,9,6.5,2
684,112635,S2.3,4,1,2150,16,350,16882,6,4,2,1,60,54,0,9,6.5,2
685,112635,S1.3,1,0,1800,40,550,11762,6,4,2,1,60,54,0,9,6.5,2
686,112635,S1.3,3,1,2350,14,350,11762,6,4,2,1,60,54,0,9,6.5,2
687,112635,S1.3,4,0,2550,12,350,11762,6,4,2,1,60,54,0,9,6.5,2
688,112635,A1.3,1,0,1800,40,550,12982,6,4,2,1,60,54,0,9,6.5,2
689,112635,A1.3,3,0,2350,14,350,12982,6,4,2,1,60,54,0,9,6.5,2
690,112635,A1.3,4,1,2330,14,300,12982,6,4,2,1,60,54,0,9,6.5,2
691,112635,A1.1,1,0,1800,40,550,24102,6,4,2,1,60,54,0,9,6.5,2
692,112635,A1.1,3,1,2350,14,350,24102,6,4,2,1,60,54,0,9,6.5,2
693,112635,A1.1,4,0,2300,14,250,24102,6,4,2,1,60,54,0,9,6.5,2
694,112635,A1.4,1,0,1800,40,550,14929,6,4,2,1,60,54,0,9,6.5,2
695,112635,A1.4,3,1,2350,14,350,14929,6,4,2,1,60,54,0,9,6.5,2
696,112635,A1.4,4,0,2330,14,250,14929,6,4,2,1,60,54,0,9,6.5,2
697,1127361,A1.3,1,0,1800,103,550,83186,7,3,2,1,41,96,1,9,7.5,5
698,1127361,A1.3,3,0,2350,29,350,83186,7,3,2,1,41,96,1,9,7.5,5
699,1127361,A1.3,4,1,2330,29,300,83186,7,3,2,1,41,96,1,9,7.5,5
700,1127361,A1.1,1,0,1800,103,550,36704,7,3,2,1,41,96,1,9,7.5,5
701,1127361,A1.1,3,0,2350,29,350,36704,7,3,2,1,41,96,1,9,7.5,5
702,1127361,A1.1,4,1,2300,29,250,36704,7,3,2,1,41,96,1,9,7.5,5
703,1127361,A1.2,1,0,1800,103,550,25950,7,3,2,1,41,96,1,9,7.5,5
704,1127361,A1.2,3,0,2350,29,350,25950,7,3,2,1,41,96,1,9,7.5,5
705,1127361,A1.2,4,1,2300,29,200,25950,7,3,2,1,41,96,1,9,7.5,5
706,1127361,A1.4,1,0,1800,103,550,23564,7,3,2,1,41,96,1,9,7.5,5
707,1127361,A1.4,3,0,2350,29,350,23564,7,3,2,1,41,96,1,9,7.5,5
708,1127361,A1.4,4,1,2330,29,250,23564,7,3,2,1,41,96,1,9,7.5,5
709,1127361,S2.1,1,0,1800,103,550,44792,7,3,2,1,41,96,1,9,7.5,5
710,1127361,S2.1,3,0,2350,29,350,44792,7,3,2,1,41,96,1,9,7.5,5
711,1127361,S2.1,4,1,2250,31,350,44792,7,3,2,1,41,96,1,9,7.5,5
712,1127361,S1.1,1,0,1800,103,550,43608,7,3,2,1,41,96,1,9,7.5,5
713,1127361,S1.1,3,1,2350,29,350,43608,7,3,2,1,41,96,1,9,7.5,5
714,1127361,S1.1,4,0,2450,27,350,43608,7,3,2,1,41,96,1,9,7.5,5
715,1127361,S2.2,1,0,1800,103,550,52184,7,3,2,1,41,96,1,9,7.5,5
716,1127361,S2.2,3,1,2350,29,350,52184,7,3,2,1,41,96,1,9,7.5,5
717,1127361,S2.2,4,0,2250,33,350,52184,7,3,2,1,41,96,1,9,7.5,5
718,1127361,S2.3,1,0,1800,103,550,54210,7,3,2,1,41,96,1,9,7.5,5
719,1127361,S2.3,3,0,2350,29,350,54210,7,3,2,1,41,96,1,9,7.5,5
720,1127361,S2.3,4,1,2150,31,350,54210,7,3,2,1,41,96,1,9,7.5,5
721,112837,A1.3R,1,0,2700,50,550,44474,6,4,2,1,37,9,2,9,3.5,4
722,112837,A1.3R,3,1,3500,17,350,44474,6,4,2,1,37,9,2,9,3.5,4
723,112837,A1.3R,4,0,3480,17,300,44474,6,4,2,1,37,9,2,9,3.5,4
724,112837,A1.2R,1,0,2700,50,550,29002,6,4,2,1,37,9,2,9,3.5,4
725,112837,A1.2R,3,1,3500,17,350,29002,6,4,2,1,37,9,2,9,3.5,4
726,112837,A1.2R,4,0,3450,17,200,29002,6,4,2,1,37,9,2,9,3.5,4
727,112837,A1.1R,1,0,2700,50,550,21092,6,4,2,1,37,9,2,9,3.5,4
728,112837,A1.1R,3,1,3500,17,350,21092,6,4,2,1,37,9,2,9,3.5,4
729,112837,A1.1R,4,0,3450,17,250,21092,6,4,2,1,37,9,2,9,3.5,4
730,112837,A1.4R,1,0,2700,50,550,33198,6,4,2,1,37,9,2,9,3.5,4
731,112837,A1.4R,3,1,3500,17,350,33198,6,4,2,1,37,9,2,9,3.5,4
732,112837,A1.4R,4,0,3480,17,250,33198,6,4,2,1,37,9,2,9,3.5,4
733,112837,S2.1R,1,0,2700,50,550,65980,6,4,2,1,37,9,2,9,3.5,4
734,112837,S2.1R,3,1,3500,17,350,65980,6,4,2,1,37,9,2,9,3.5,4
735,112837,S2.1R,4,0,3400,19,350,65980,6,4,2,1,37,9,2,9,3.5,4
736,112837,S1.2R,1,0,2700,50,550,29976,6,4,2,1,37,9,2,9,3.5,4
737,112837,S1.2R,3,1,3500,17,350,29976,6,4,2,1,37,9,2,9,3.5,4
738,112837,S1.2R,4,0,3600,13,350,29976,6,4,2,1,37,9,2,9,3.5,4
739,112837,S2.2R,1,0,2700,50,550,24710,6,4,2,1,37,9,2,9,3.5,4
740,112837,S2.2R,3,1,3500,17,350,24710,6,4,2,1,37,9,2,9,3.5,4
741,112837,S2.2R,4,0,3400,21,350,24710,6,4,2,1,37,9,2,9,3.5,4
742,112837,S1.3R,1,0,2700,50,550,17354,6,4,2,1,37,9,2,9,3.5,4
743,112837,S1.3R,3,1,3500,17,350,17354,6,4,2,1,37,9,2,9,3.5,4
744,112837,S1.3R,4,0,3700,15,350,17354,6,4,2,1,37,9,2,9,3.5,4
745,112939,A1.1R,1,0,2100,68,550,73314,7,4,2,1,41,156,0,7,2.5,1
746,112939,A1.1R,3,1,2650,23,350,73314,7,4,2,1,41,156,0,7,2.5,1
747,112939,A1.1R,4,0,2600,23,250,73314,7,4,2,1,41,156,0,7,2.5,1
748,112939,A1.4R,1,0,2100,68,550,33230,7,4,2,1,41,156,0,7,2.5,1
749,112939,A1.4R,3,1,2650,23,350,33230,7,4,2,1,41,156,0,7,2.5,1
750,112939,A1.4R,4,0,2630,23,250,33230,7,4,2,1,41,156,0,7,2.5,1
751,112939,A1.3R,1,0,2100,68,550,43864,7,4,2,1,41,156,0,7,2.5,1
752,112939,A1.3R,3,1,2650,23,350,43864,7,4,2,1,41,156,0,7,2.5,1
753,112939,A1.3R,4,0,2630,23,300,43864,7,4,2,1,41,156,0,7,2.5,1
754,112939,A1.2R,1,0,2100,68,550,46072,7,4,2,1,41,156,0,7,2.5,1
755,112939,A1.2R,3,1,2650,23,350,46072,7,4,2,1,41,156,0,7,2.5,1
756,112939,A1.2R,4,0,2600,23,200,46072,7,4,2,1,41,156,0,7,2.5,1
757,112939,S1.4R,1,1,2100,68,550,78124,7,4,2,1,41,156,0,7,2.5,1
758,112939,S1.4R,3,0,2650,23,350,78124,7,4,2,1,41,156,0,7,2.5,1
759,112939,S1.4R,4,0,2850,19,350,78124,7,4,2,1,41,156,0,7,2.5,1
760,112939,S2.2R,1,1,2100,68,550,40826,7,4,2,1,41,156,0,7,2.5,1
761,112939,S2.2R,3,0,2650,23,350,40826,7,4,2,1,41,156,0,7,2.5,1
762,112939,S2.2R,4,0,2550,27,350,40826,7,4,2,1,41,156,0,7,2.5,1
763,112939,S2.1R,1,0,2100,68,550,50716,7,4,2,1,41,156,0,7,2.5,1
764,112939,S2.1R,3,0,2650,23,350,50716,7,4,2,1,41,156,0,7,2.5,1
765,112939,S2.1R,4,1,2550,25,350,50716,7,4,2,1,41,156,0,7,2.5,1
766,112939,S1.3R,1,0,2100,68,550,32016,7,4,2,1,41,156,0,7,2.5,1
767,112939,S1.3R,3,1,2650,23,350,32016,7,4,2,1,41,156,0,7,2.5,1
768,112939,S1.3R,4,0,2850,21,350,32016,7,4,2,1,41,156,0,7,2.5,1
769,112940,A1.2,1,0,2400,52,800,17376,6,4,2,2,43,18,1,13,5.5,5
770,112940,A1.2,3,1,2900,20,500,17376,6,4,2,2,43,18,1,13,5.5,5
771,112940,A1.2,4,0,2850,20,350,17376,6,4,2,2,43,18,1,13,5.5,5
772,112940,A1.4,1,0,2400,52,800,7854,6,4,2,2,43,18,1,13,5.5,5
773,112940,A1.4,3,1,2900,20,500,7854,6,4,2,2,43,18,1,13,5.5,5
774,112940,A1.4,4,0,2880,20,400,7854,6,4,2,2,43,18,1,13,5.5,5
775,112940,A1.1,1,0,2400,52,800,24824,6,4,2,2,43,18,1,13,5.5,5
776,112940,A1.1,3,1,2900,20,500,24824,6,4,2,2,43,18,1,13,5.5,5
777,112940,A1.1,4,0,2850,20,400,24824,6,4,2,2,43,18,1,13,5.5,5
778,112940,A1.3,1,0,2400,52,800,11266,6,4,2,2,43,18,1,13,5.5,5
779,112940,A1.3,3,1,2900,20,500,11266,6,4,2,2,43,18,1,13,5.5,5
780,112940,A1.3,4,0,2880,20,450,11266,6,4,2,2,43,18,1,13,5.5,5
781,112940,S2.3,1,0,2400,52,800,18948,6,4,2,2,43,18,1,13,5.5,5
782,112940,S2.3,3,0,2900,20,500,18948,6,4,2,2,43,18,1,13,5.5,5
783,112940,S2.3,4,1,2700,22,500,18948,6,4,2,2,43,18,1,13,5.5,5
784,112940,S2.1,1,0,2400,52,800,8664,6,4,2,2,43,18,1,13,5.5,5
785,112940,S2.1,3,0,2900,20,500,8664,6,4,2,2,43,18,1,13,5.5,5
786,112940,S2.1,4,1,2800,22,500,8664,6,4,2,2,43,18,1,13,5.5,5
787,112940,S1.1,1,0,2400,52,800,17914,6,4,2,2,43,18,1,13,5.5,5
788,112940,S1.1,3,1,2900,20,500,17914,6,4,2,2,43,18,1,13,5.5,5
789,112940,S1.1,4,0,3000,18,500,17914,6,4,2,2,43,18,1,13,5.5,5
790,112940,S1.2,1,0,2400,52,800,16832,6,4,2,2,43,18,1,13,5.5,5
791,112940,S1.2,3,1,2900,20,500,16832,6,4,2,2,43,18,1,13,5.5,5
792,112940,S1.2,4,0,3000,16,500,16832,6,4,2,2,43,18,1,13,5.5,5
793,112941,S1.3,1,0,1500,53,550,46424,6,4,2,1,41,30,1,9,2.5,1
794,112941,S1.3,3,0,1950,20,350,46424,6,4,2,1,41,30,1,9,2.5,1
795,112941,S1.3,4,1,2150,18,350,46424,6,4,2,1,41,30,1,9,2.5,1
796,112941,S1.4,1,0,1500,53,550,6466,6,4,2,1,41,30,1,9,2.5,1
797,112941,S1.4,3,0,1950,20,350,6466,6,4,2,1,41,30,1,9,2.5,1
798,112941,S1.4,4,1,2150,16,350,6466,6,4,2,1,41,30,1,9,2.5,1
799,112941,S2.3,1,0,1500,53,550,8066,6,4,2,1,41,30,1,9,2.5,1
800,112941,S2.3,3,0,1950,20,350,8066,6,4,2,1,41,30,1,9,2.5,1
801,112941,S2.3,4,1,1750,22,350,8066,6,4,2,1,41,30,1,9,2.5,1
802,112941,S2.4,1,0,1500,53,550,8666,6,4,2,1,41,30,1,9,2.5,1
803,112941,S2.4,3,0,1950,20,350,8666,6,4,2,1,41,30,1,9,2.5,1
804,112941,S2.4,4,1,1750,24,350,8666,6,4,2,1,41,30,1,9,2.5,1
805,112941,S2.2,1,0,1500,53,550,20816,6,4,2,1,41,30,1,9,2.5,1
806,112941,S2.2,3,0,1950,20,350,20816,6,4,2,1,41,30,1,9,2.5,1
807,112941,S2.2,4,1,1850,24,350,20816,6,4,2,1,41,30,1,9,2.5,1
808,112941,A1.3,1,0,1500,53,550,6282,6,4,2,1,41,30,1,9,2.5,1
809,112941,A1.3,3,0,1950,20,350,6282,6,4,2,1,41,30,1,9,2.5,1
810,112941,A1.3,4,1,1930,20,300,6282,6,4,2,1,41,30,1,9,2.5,1
811,112941,A1.1,1,0,1500,53,550,8846,6,4,2,1,41,30,1,9,2.5,1
812,112941,A1.1,3,0,1950,20,350,8846,6,4,2,1,41,30,1,9,2.5,1
813,112941,A1.1,4,1,1900,20,250,8846,6,4,2,1,41,30,1,9,2.5,1
814,112941,A1.4,1,0,1500,53,550,9552,6,4,2,1,41,30,1,9,2.5,1
815,112941,A1.4,3,0,1950,20,350,9552,6,4,2,1,41,30,1,9,2.5,1
816,112941,A1.4,4,1,1930,20,250,9552,6,4,2,1,41,30,1,9,2.5,1
817,11129421,A1.3,1,0,2400,70,700,19368,6,4,2,2,29,96,1,17,5.5,3
818,11129421,A1.3,3,1,2750,17,400,19368,6,4,2,2,29,96,1,17,5.5,3
819,11129421,A1.3,4,0,2730,17,350,19368,6,4,2,2,29,96,1,17,5.5,3
820,11129421,A1.2,1,0,2400,70,700,4180,6,4,2,2,29,96,1,17,5.5,3
821,11129421,A1.2,3,1,2750,17,400,4180,6,4,2,2,29,96,1,17,5.5,3
822,11129421,A1.2,4,0,2700,17,250,4180,6,4,2,2,29,96,1,17,5.5,3
823,11129421,A1.1,1,0,2400,70,700,6182,6,4,2,2,29,96,1,17,5.5,3
824,11129421,A1.1,3,1,2750,17,400,6182,6,4,2,2,29,96,1,17,5.5,3
825,11129421,A1.1,4,0,2700,17,300,6182,6,4,2,2,29,96,1,17,5.5,3
826,11129421,A1.4,1,0,2400,70,700,6178,6,4,2,2,29,96,1,17,5.5,3
827,11129421,A1.4,3,1,2750,17,400,6178,6,4,2,2,29,96,1,17,5.5,3
828,11129421,A1.4,4,0,2730,17,300,6178,6,4,2,2,29,96,1,17,5.5,3
829,11129421,S2.4,1,0,2400,70,700,7454,6,4,2,2,29,96,1,17,5.5,3
830,11129421,S2.4,3,0,2750,17,400,7454,6,4,2,2,29,96,1,17,5.5,3
831,11129421,S2.4,4,1,2550,21,400,7454,6,4,2,2,29,96,1,17,5.5,3
832,11129421,S1.1,1,0,2400,70,700,3396,6,4,2,2,29,96,1,17,5.5,3
833,11129421,S1.1,3,1,2750,17,400,3396,6,4,2,2,29,96,1,17,5.5,3
834,11129421,S1.1,4,0,2850,15,400,3396,6,4,2,2,29,96,1,17,5.5,3
835,11129421,S2.1,1,0,2400,70,700,3436,6,4,2,2,29,96,1,17,5.5,3
836,11129421,S2.1,3,0,2750,17,400,3436,6,4,2,2,29,96,1,17,5.5,3
837,11129421,S2.1,4,1,2650,19,400,3436,6,4,2,2,29,96,1,17,5.5,3
838,11129421,S2.3,1,0,2400,70,700,3008,6,4,2,2,29,96,1,17,5.5,3
839,11129421,S2.3,3,0,2750,17,400,3008,6,4,2,2,29,96,1,17,5.5,3
840,11129421,S2.3,4,1,2550,19,400,3008,6,4,2,2,29,96,1,17,5.5,3
841,113042,S1.1,1,0,2700,46,650,34298,6,4,1,2,50,96,1,11,3.5,3
842,113042,S1.1,3,1,3500,17,400,34298,6,4,1,2,50,96,1,11,3.5,3
843,113042,S1.1,4,0,3600,15,400,34298,6,4,1,2,50,96,1,11,3.5,3
844,113042,S2.4,1,0,2700,46,650,13494,6,4,1,2,50,96,1,11,3.5,3
845,113042,S2.4,3,0,3500,17,400,13494,6,4,1,2,50,96,1,11,3.5,3
846,113042,S2.4,4,1,3300,21,400,13494,6,4,1,2,50,96,1,11,3.5,3
847,113042,S2.3,1,0,2700,46,650,8242,6,4,1,2,50,96,1,11,3.5,3
848,113042,S2.3,3,0,3500,17,400,8242,6,4,1,2,50,96,1,11,3.5,3
849,113042,S2.3,4,1,3300,19,400,8242,6,4,1,2,50,96,1,11,3.5,3
850,113042,S2.1,1,0,2700,46,650,6354,6,4,1,2,50,96,1,11,3.5,3
851,113042,S2.1,3,0,3500,17,400,6354,6,4,1,2,50,96,1,11,3.5,3
852,113042,S2.1,4,1,3400,19,400,6354,6,4,1,2,50,96,1,11,3.5,3
853,113042,S1.3,1,0,2700,46,650,27430,6,4,1,2,50,96,1,11,3.5,3
854,113042,S1.3,3,0,3500,17,400,27430,6,4,1,2,50,96,1,11,3.5,3
855,113042,S1.3,4,1,3700,15,400,27430,6,4,1,2,50,96,1,11,3.5,3
856,113042,A1.2,1,0,2700,46,650,14850,6,4,1,2,50,96,1,11,3.5,3
857,113042,A1.2,3,1,3500,17,400,14850,6,4,1,2,50,96,1,11,3.5,3
858,113042,A1.2,4,0,3450,17,250,14850,6,4,1,2,50,96,1,11,3.5,3
859,113042,A1.3,1,0,2700,46,650,13698,6,4,1,2,50,96,1,11,3.5,3
860,113042,A1.3,3,1,3500,17,400,13698,6,4,1,2,50,96,1,11,3.5,3
861,113042,A1.3,4,0,3480,17,350,13698,6,4,1,2,50,96,1,11,3.5,3
862,113042,A1.1,1,0,2700,46,650,12146,6,4,1,2,50,96,1,11,3.5,3
863,113042,A1.1,3,1,3500,17,400,12146,6,4,1,2,50,96,1,11,3.5,3
864,113042,A1.1,4,0,3450,17,300,12146,6,4,1,2,50,96,1,11,3.5,3
865,113043,A1.1,1,0,1800,32,600,28928,6,4,2,1,44,54,1,7,3.5,5
866,113043,A1.1,3,1,2000,11,350,28928,6,4,2,1,44,54,1,7,3.5,5
867,113043,A1.1,4,0,1950,11,250,28928,6,4,2,1,44,54,1,7,3.5,5
868,113043,A1.2,1,0,1800,32,600,7734,6,4,2,1,44,54,1,7,3.5,5
869,113043,A1.2,3,1,2000,11,350,7734,6,4,2,1,44,54,1,7,3.5,5
870,113043,A1.2,4,0,1950,11,200,7734,6,4,2,1,44,54,1,7,3.5,5
871,113043,A1.3,1,0,1800,32,600,8778,6,4,2,1,44,54,1,7,3.5,5
872,113043,A1.3,3,1,2000,11,350,8778,6,4,2,1,44,54,1,7,3.5,5
873,113043,A1.3,4,0,1980,11,300,8778,6,4,2,1,44,54,1,7,3.5,5
874,113043,A1.4,1,0,1800,32,600,9740,6,4,2,1,44,54,1,7,3.5,5
875,113043,A1.4,3,1,2000,11,350,9740,6,4,2,1,44,54,1,7,3.5,5
876,113043,A1.4,4,0,1980,11,250,9740,6,4,2,1,44,54,1,7,3.5,5
877,113043,S2.3,1,0,1800,32,600,14254,6,4,2,1,44,54,1,7,3.5,5
878,113043,S2.3,3,0,2000,11,350,14254,6,4,2,1,44,54,1,7,3.5,5
879,113043,S2.3,4,1,1800,13,350,14254,6,4,2,1,44,54,1,7,3.5,5
880,113043,S1.1,1,0,1800,32,600,16658,6,4,2,1,44,54,1,7,3.5,5
881,113043,S1.1,3,1,2000,11,350,16658,6,4,2,1,44,54,1,7,3.5,5
882,113043,S1.1,4,0,2100,9,350,16658,6,4,2,1,44,54,1,7,3.5,5
883,113043,S1.4,1,0,1800,32,600,14646,6,4,2,1,44,54,1,7,3.5,5
884,113043,S1.4,3,1,2000,11,350,14646,6,4,2,1,44,54,1,7,3.5,5
885,113043,S1.4,4,0,2200,7,350,14646,6,4,2,1,44,54,1,7,3.5,5
886,113043,S2.1,1,0,1800,32,600,17518,6,4,2,1,44,54,1,7,3.5,5
887,113043,S2.1,3,1,2000,11,350,17518,6,4,2,1,44,54,1,7,3.5,5
888,113043,S2.1,4,0,1900,13,350,17518,6,4,2,1,44,54,1,7,3.5,5
889,113044,S2.4R,1,0,1800,43,750,88360,5,4,2,2,43,42,0,7,4.5,3
890,113044,S2.4R,3,0,1800,20,450,88360,5,4,2,2,43,42,0,7,4.5,3
891,113044,S2.4R,4,1,1600,24,450,88360,5,4,2,2,43,42,0,7,4.5,3
892,113044,S1.2R,1,0,1800,43,750,11892,5,4,2,2,43,42,0,7,4.5,3
893,113044,S1.2R,3,0,1800,20,450,11892,5,4,2,2,43,42,0,7,4.5,3
894,113044,S1.2R,4,1,1900,16,450,11892,5,4,2,2,43,42,0,7,4.5,3
895,113044,S2.1R,1,1,1800,43,750,58664,5,4,2,2,43,42,0,7,4.5,3
896,113044,S2.1R,3,0,1800,20,450,58664,5,4,2,2,43,42,0,7,4.5,3
897,113044,S2.1R,4,0,1700,22,450,58664,5,4,2,2,43,42,0,7,4.5,3
898,113044,S2.2R,1,1,1800,43,750,16004,5,4,2,2,43,42,0,7,4.5,3
899,113044,S2.2R,3,0,1800,20,450,16004,5,4,2,2,43,42,0,7,4.5,3
900,113044,S2.2R,4,0,1700,24,450,16004,5,4,2,2,43,42,0,7,4.5,3
901,113044,S1.4R,1,1,1800,43,750,28978,5,4,2,2,43,42,0,7,4.5,3
902,113044,S1.4R,3,0,1800,20,450,28978,5,4,2,2,43,42,0,7,4.5,3
903,113044,S1.4R,4,0,2000,16,450,28978,5,4,2,2,43,42,0,7,4.5,3
904,113044,A1.4R,1,1,1800,43,750,14424,5,4,2,2,43,42,0,7,4.5,3
905,113044,A1.4R,3,0,1800,20,450,14424,5,4,2,2,43,42,0,7,4.5,3
906,113044,A1.4R,4,0,1780,20,350,14424,5,4,2,2,43,42,0,7,4.5,3
907,113044,A1.1R,1,1,1800,43,750,21104,5,4,2,2,43,42,0,7,4.5,3
908,113044,A1.1R,3,0,1800,20,450,21104,5,4,2,2,43,42,0,7,4.5,3
909,113044,A1.1R,4,0,1750,20,350,21104,5,4,2,2,43,42,0,7,4.5,3
910,113044,A1.2R,1,1,1800,43,750,18844,5,4,2,2,43,42,0,7,4.5,3
911,113044,A1.2R,3,0,1800,20,450,18844,5,4,2,2,43,42,0,7,4.5,3
912,113044,A1.2R,4,0,1750,20,300,18844,5,4,2,2,43,42,0,7,4.5,3
913,113045,S2.2R,1,1,2400,30,800,139796,5,4,2,1,31,9,4,17,4.5,3
914,113045,S2.2R,3,0,3100,17,500,139796,5,4,2,1,31,9,4,17,4.5,3
915,113045,S2.2R,4,0,3000,21,500,139796,5,4,2,1,31,9,4,17,4.5,3
916,113045,S1.2R,1,1,2400,30,800,69402,5,4,2,1,31,9,4,17,4.5,3
917,113045,S1.2R,3,0,3100,17,500,69402,5,4,2,1,31,9,4,17,4.5,3
918,113045,S1.2R,4,0,3200,13,500,69402,5,4,2,1,31,9,4,17,4.5,3
919,113045,S1.3R,1,1,2400,30,800,33832,5,4,2,1,31,9,4,17,4.5,3
920,113045,S1.3R,3,0,3100,17,500,33832,5,4,2,1,31,9,4,17,4.5,3
921,113045,S1.3R,4,0,3300,15,500,33832,5,4,2,1,31,9,4,17,4.5,3
922,113045,S2.1R,1,1,2400,30,800,63810,5,4,2,1,31,9,4,17,4.5,3
923,113045,S2.1R,3,0,3100,17,500,63810,5,4,2,1,31,9,4,17,4.5,3
924,113045,S2.1R,4,0,3000,19,500,63810,5,4,2,1,31,9,4,17,4.5,3
925,113045,S2.3R,1,1,2400,30,800,46186,5,4,2,1,31,9,4,17,4.5,3
926,113045,S2.3R,3,0,3100,17,500,46186,5,4,2,1,31,9,4,17,4.5,3
927,113045,S2.3R,4,0,2900,19,500,46186,5,4,2,1,31,9,4,17,4.5,3
928,113045,A1.1R,1,1,2400,30,800,26534,5,4,2,1,31,9,4,17,4.5,3
929,113045,A1.1R,3,0,3100,17,500,26534,5,4,2,1,31,9,4,17,4.5,3
930,113045,A1.1R,4,0,3050,17,400,26534,5,4,2,1,31,9,4,17,4.5,3
931,113045,A1.4R,1,1,2400,30,800,12184,5,4,2,1,31,9,4,17,4.5,3
932,113045,A1.4R,3,0,3100,17,500,12184,5,4,2,1,31,9,4,17,4.5,3
933,113045,A1.4R,4,0,3080,17,400,12184,5,4,2,1,31,9,4,17,4.5,3
934,113045,A1.2R,1,1,2400,30,800,22506,5,4,2,1,31,9,4,17,4.5,3
935,113045,A1.2R,3,0,3100,17,500,22506,5,4,2,1,31,9,4,17,4.5,3
936,113045,A1.2R,4,0,3050,17,350,22506,5,4,2,1,31,9,4,17,4.5,3
937,1130464,A1.4,1,1,2700,50,550,7154,6,4,2,1,41,54,2,7,7.5,2
938,1130464,A1.4,3,0,3100,17,350,7154,6,4,2,1,41,54,2,7,7.5,2
939,1130464,A1.4,4,0,3080,17,250,7154,6,4,2,1,41,54,2,7,7.5,2
940,1130464,A1.1,1,1,2700,50,550,4232,6,4,2,1,41,54,2,7,7.5,2
941,1130464,A1.1,3,0,3100,17,350,4232,6,4,2,1,41,54,2,7,7.5,2
942,1130464,A1.1,4,0,3050,17,250,4232,6,4,2,1,41,54,2,7,7.5,2
943,1130464,A1.3,1,1,2700,50,550,11040,6,4,2,1,41,54,2,7,7.5,2
944,1130464,A1.3,3,0,3100,17,350,11040,6,4,2,1,41,54,2,7,7.5,2
945,1130464,A1.3,4,0,3080,17,300,11040,6,4,2,1,41,54,2,7,7.5,2
946,1130464,A1.2,1,1,2700,50,550,9506,6,4,2,1,41,54,2,7,7.5,2
947,1130464,A1.2,3,0,3100,17,350,9506,6,4,2,1,41,54,2,7,7.5,2
948,1130464,A1.2,4,0,3050,17,200,9506,6,4,2,1,41,54,2,7,7.5,2
949,1130464,S2.3,1,0,2700,50,550,5846,6,4,2,1,41,54,2,7,7.5,2
950,1130464,S2.3,3,0,3100,17,350,5846,6,4,2,1,41,54,2,7,7.5,2
951,1130464,S2.3,4,1,2900,19,350,5846,6,4,2,1,41,54,2,7,7.5,2
952,1130464,S1.3,1,1,2700,50,550,9034,6,4,2,1,41,54,2,7,7.5,2
953,1130464,S1.3,3,0,3100,17,350,9034,6,4,2,1,41,54,2,7,7.5,2
954,1130464,S1.3,4,0,3300,15,350,9034,6,4,2,1,41,54,2,7,7.5,2
955,1130464,S1.2,1,1,2700,50,550,15776,6,4,2,1,41,54,2,7,7.5,2
956,1130464,S1.2,3,0,3100,17,350,15776,6,4,2,1,41,54,2,7,7.5,2
957,1130464,S1.2,4,0,3200,13,350,15776,6,4,2,1,41,54,2,7,7.5,2
958,1130464,S2.2,1,0,2700,50,550,3352,6,4,2,1,41,54,2,7,7.5,2
959,1130464,S2.2,3,0,3100,17,350,3352,6,4,2,1,41,54,2,7,7.5,2
960,1130464,S2.2,4,1,3000,21,350,3352,6,4,2,1,41,54,2,7,7.5,2
